group_id,sha256,n_files,relation,label_conflict,image_path,source,origin_split,folder_label
DUP001,0583b30027b3d2b28a2de3d1ac70fe141d3667e2ed454eb93192c9dbe544325b,2,test <-> unclean (v1),False,v1/test/ambulance/218089422.jpg,v1,test,ambulance
DUP001,0583b30027b3d2b28a2de3d1ac70fe141d3667e2ed454eb93192c9dbe544325b,2,test <-> unclean (v1),False,v1/unclean/ambulance/218089422.jpg,v1,unclean,ambulance
DUP002,0d3c6484a0aaf991215408764a05ee85914dae4fca5080abacaad377515f3c82,2,train <-> unclean (v1),False,v1/train/ambulance/213801906.jpg,v1,train,ambulance
DUP002,0d3c6484a0aaf991215408764a05ee85914dae4fca5080abacaad377515f3c82,2,train <-> unclean (v1),False,v1/unclean/ambulance/213801906.jpg,v1,unclean,ambulance
DUP003,1c7e09485a134ee3f42296dea93e028dcabdafdd9f7b701c2b978f6a296b89c8,2,train <-> unclean (v1),False,v1/train/ambulance/213342200.jpg,v1,train,ambulance
DUP003,1c7e09485a134ee3f42296dea93e028dcabdafdd9f7b701c2b978f6a296b89c8,2,train <-> unclean (v1),False,v1/unclean/ambulance/213342200.jpg,v1,unclean,ambulance
DUP004,3716e06968e9e89274f38256173b9ce5b78e787774ef9fb92dc701b5c4ba6a65,2,train <-> unclean (v1),False,v1/train/autobus/218337345.jpg,v1,train,autobus
DUP004,3716e06968e9e89274f38256173b9ce5b78e787774ef9fb92dc701b5c4ba6a65,2,train <-> unclean (v1),False,v1/unclean/autobus/218337345.jpg,v1,unclean,autobus
DUP005,4a71d5dec64fb4531c91e6d62662cced4b7c24939f0859d109fa9f45913995c5,2,train <-> unclean (v1),False,v1/train/ambulance/206808986.jpg,v1,train,ambulance
DUP005,4a71d5dec64fb4531c91e6d62662cced4b7c24939f0859d109fa9f45913995c5,2,train <-> unclean (v1),False,v1/unclean/ambulance/206808986.jpg,v1,unclean,ambulance
DUP006,514bd004de238148eeeca748a182bea9050c8ce31395cd9ad0d51fa29343f925,2,train <-> unclean (v1),False,v1/train/kamyunet/195578789.jpg,v1,train,kamyunet
DUP006,514bd004de238148eeeca748a182bea9050c8ce31395cd9ad0d51fa29343f925,2,train <-> unclean (v1),False,v1/unclean/kamyunet/195578789.jpg,v1,unclean,kamyunet
DUP007,5cfc905214498381d9ce3bb31303dba12749afaebc17b0a11cf63388417e1a3f,2,test <-> unclean (v1),False,v1/test/minibus/218307381.jpg,v1,test,minibus
DUP007,5cfc905214498381d9ce3bb31303dba12749afaebc17b0a11cf63388417e1a3f,2,test <-> unclean (v1),False,v1/unclean/minibus/218307381.jpg,v1,unclean,minibus
DUP008,60b31760f2a3e8e7fc31caeb80e70f75b177df8f22805bed32979f0d25ab3cb4,2,train <-> unclean (v1),False,v1/train/ambulance/208738861.jpg,v1,train,ambulance
DUP008,60b31760f2a3e8e7fc31caeb80e70f75b177df8f22805bed32979f0d25ab3cb4,2,train <-> unclean (v1),False,v1/unclean/ambulance/208738861.jpg,v1,unclean,ambulance
DUP009,61fbfb9b5e2525d4412296b09772823c70a35adb412470b839309c82f550ecda,2,train <-> unclean (v1),False,v1/train/ambulance/218966979.jpg,v1,train,ambulance
DUP009,61fbfb9b5e2525d4412296b09772823c70a35adb412470b839309c82f550ecda,2,train <-> unclean (v1),False,v1/unclean/ambulance/218966979.jpg,v1,unclean,ambulance
DUP010,7411d0b39516e302c79c95f455f3e2b1a074828ab26f68242a4f0f7b9b5a7464,2,train <-> unclean (v1),False,v1/train/minibus/205737488.jpg,v1,train,minibus
DUP010,7411d0b39516e302c79c95f455f3e2b1a074828ab26f68242a4f0f7b9b5a7464,2,train <-> unclean (v1),False,v1/unclean/minibus/205737488.jpg,v1,unclean,minibus
DUP011,797f377bdf95c2a2ea77decc32b434e4a17bfcd6d9dc8c651d4fd9524d2043bb,2,train <-> unclean (v1),False,v1/train/ambulance/218591595.jpg,v1,train,ambulance
DUP011,797f377bdf95c2a2ea77decc32b434e4a17bfcd6d9dc8c651d4fd9524d2043bb,2,train <-> unclean (v1),False,v1/unclean/ambulance/218591595.jpg,v1,unclean,ambulance
DUP012,84769d43cad4efcdd1a551d7239353683eba5bf2b9a4b77f39d48e7d777b3a63,2,train <-> unclean (v1),False,v1/train/kamyunet/217156552.jpg,v1,train,kamyunet
DUP012,84769d43cad4efcdd1a551d7239353683eba5bf2b9a4b77f39d48e7d777b3a63,2,train <-> unclean (v1),False,v1/unclean/kamyunet/217156552.jpg,v1,unclean,kamyunet
DUP013,8c6f5a988ab7d15bc19c20908f0e6930941d9ca4bfaa673e8d4b8af5954e3b23,2,test <-> unclean (v1),False,v1/test/minibus/218138154.jpg,v1,test,minibus
DUP013,8c6f5a988ab7d15bc19c20908f0e6930941d9ca4bfaa673e8d4b8af5954e3b23,2,test <-> unclean (v1),False,v1/unclean/minibus/218138154.jpg,v1,unclean,minibus
DUP014,90916da4f0a7a65ea4c298d2a309b66d426e4a70867c5f3a5258f180c6b7f382,2,train <-> unclean (v1),True,v1/train/vanet/214844236.jpg,v1,train,vanet
DUP014,90916da4f0a7a65ea4c298d2a309b66d426e4a70867c5f3a5258f180c6b7f382,2,train <-> unclean (v1),True,v1/unclean/neysan/214844236.jpg,v1,unclean,neysan
DUP015,9ca6252c8e49b43e6c12c5547d65cc72619ab824839ab5b72208d1f78af2db29,2,test <-> unclean (v1),False,v1/test/ambulance/214830125.jpg,v1,test,ambulance
DUP015,9ca6252c8e49b43e6c12c5547d65cc72619ab824839ab5b72208d1f78af2db29,2,test <-> unclean (v1),False,v1/unclean/ambulance/214830125.jpg,v1,unclean,ambulance
DUP016,9def8f4ce1815871c5acd6bc88a6e486def8c8bdf5b3da2b6d8dd976f9d5e7c7,2,train <-> unclean (v1),False,v1/train/kamyunet/193903806.jpg,v1,train,kamyunet
DUP016,9def8f4ce1815871c5acd6bc88a6e486def8c8bdf5b3da2b6d8dd976f9d5e7c7,2,train <-> unclean (v1),False,v1/unclean/kamyunet/193903806.jpg,v1,unclean,kamyunet
DUP017,9f51bc9ae0a22d8b9b53956fa9e8bb3359ae164a2b53b2fe9210017424fab9f7,2,train <-> unclean (v1),False,v1/train/ambulance/216216403.jpg,v1,train,ambulance
DUP017,9f51bc9ae0a22d8b9b53956fa9e8bb3359ae164a2b53b2fe9210017424fab9f7,2,train <-> unclean (v1),False,v1/unclean/ambulance/216216403.jpg,v1,unclean,ambulance
DUP018,b55e6c5de5131c2fa6e558a407cc66360bb63b10db93d585512fc82a2502a34f,2,test <-> unclean (v1),False,v1/test/ambulance/200396165.jpg,v1,test,ambulance
DUP018,b55e6c5de5131c2fa6e558a407cc66360bb63b10db93d585512fc82a2502a34f,2,test <-> unclean (v1),False,v1/unclean/ambulance/200396165.jpg,v1,unclean,ambulance
DUP019,c0b04c7e7d5ed722ecb9014cdd7e1977c501127121640d9cea83a22427639e43,2,test <-> unclean (v1),False,v1/test/ambulance/216095686.jpg,v1,test,ambulance
DUP019,c0b04c7e7d5ed722ecb9014cdd7e1977c501127121640d9cea83a22427639e43,2,test <-> unclean (v1),False,v1/unclean/ambulance/216095686.jpg,v1,unclean,ambulance
DUP020,cadeafe38aee7ea8af881f0c6fb145e10f2fd0435895c7a878383f0f7ef2fd68,2,train <-> unclean (v1),False,v1/train/ambulance/199984667.jpg,v1,train,ambulance
DUP020,cadeafe38aee7ea8af881f0c6fb145e10f2fd0435895c7a878383f0f7ef2fd68,2,train <-> unclean (v1),False,v1/unclean/ambulance/199984667.jpg,v1,unclean,ambulance
DUP021,d531eba826795efce29951a20f5ca8a672b27a5cf93623996348f7f828c00e8b,2,test <-> unclean (v1),False,v1/test/ambulance/217040489.jpg,v1,test,ambulance
DUP021,d531eba826795efce29951a20f5ca8a672b27a5cf93623996348f7f828c00e8b,2,test <-> unclean (v1),False,v1/unclean/ambulance/217040489.jpg,v1,unclean,ambulance
DUP022,f19424809738da688ea347c7e8fab51c977f9938a12e4da75ec60d76768448f3,2,train <-> unclean (v1),False,v1/train/minibus/198331521.jpg,v1,train,minibus
DUP022,f19424809738da688ea347c7e8fab51c977f9938a12e4da75ec60d76768448f3,2,train <-> unclean (v1),False,v1/unclean/minibus/198331521.jpg,v1,unclean,minibus
DUP023,fe00abd9cf8930c082cfd1c0a8f6b1382a0881434f19b4709b5ba9fb60af4da0,2,train <-> unclean (v1),False,v1/train/kamyunet/194270924.jpg,v1,train,kamyunet
DUP023,fe00abd9cf8930c082cfd1c0a8f6b1382a0881434f19b4709b5ba9fb60af4da0,2,train <-> unclean (v1),False,v1/unclean/kamyunet/194270924.jpg,v1,unclean,kamyunet
DUP024,fe0e44a4db823b87e09833b87c3d95135fbdd024c7120af77e86e44d842ea2e5,2,test <-> unclean (v1),False,v1/test/ambulance/215713763.jpg,v1,test,ambulance
DUP024,fe0e44a4db823b87e09833b87c3d95135fbdd024c7120af77e86e44d842ea2e5,2,test <-> unclean (v1),False,v1/unclean/ambulance/215713763.jpg,v1,unclean,ambulance
