review_id,image_path,sha256,decision,note,reviewer,date
A001,v1/train/vanet/194840733.jpg,0be05d3a8d9e6bfdf8e9b020ad45271e54b45d72557dd36901a47977cf103034,CONFIRMED_NEYSAN,manual visual review,human,2026-09-27
A002,v1/train/vanet/195737410.jpg,97999bc7b3e620267e81d8604a7af66e3591ce22625acc72d2601c29c46094d1,CONFIRMED_NEYSAN,manual visual review,human,2026-09-27
A003,v1/train/vanet/196587192.jpg,8546774e53df3dac7d6e964200e85b2825fa3e991d5dda1e63b849e6796431dd,CONFIRMED_NEYSAN,manual visual review,human,2026-09-27
A004,v1/train/vanet/197030864.jpg,2bae3b75c6eb6e07b2a0adb9a9f3d6f7bf8e248ce9e937c6da3a753c6beb37e0,CONFIRMED_NEYSAN,manual visual review,human,2026-09-27
A005,v1/train/vanet/197410959.jpg,a8b53f3fbdf606158ea4af986ca12b8083fde3f57c0e616ab4bed8718c32dd5c,CONFIRMED_NEYSAN,manual visual review,human,2026-09-27
A006,v1/train/vanet/197642949.jpg,49c8e33e76ffde1538d35ecd1eb2dd501b90de056d13f289731e88d9a7161c3b,CONFIRMED_NEYSAN,manual visual review,human,2026-09-27
A007,v1/train/vanet/197762795.jpg,fc529d22e97082431ef9aea047abaf0a7c5aff5a01a7a2e9842563b2e373335b,CONFIRMED_NEYSAN,manual visual review,human,2026-09-27
A008,v1/train/vanet/199411077.jpg,dd3c89ba14a133c5f7155c432b27b7ed8945e3085135c5705e0e5b8508707ca9,CONFIRMED_NEYSAN,manual visual review,human,2026-09-27
A009,v1/train/vanet/200533750.jpg,0ea7fefa96467c2e59809c8d4cae80987b86e987660821787e46158bbd5b38b4,CONFIRMED_NEYSAN,manual visual review,human,2026-09-27
A010,v1/train/vanet/200823882.jpg,4c857fb029f4ff8b6f0e1abb53fb5d26d40f0f3c09e0cf5aaf62a6dae7a2ff72,CONFIRMED_NEYSAN,manual visual review,human,2026-09-27
A011,v1/train/vanet/203270338.jpg,9d4d2ec0644e0942a494e2779ae0653d58b192e23feec4f97688a9da9afbd3c7,CONFIRMED_NEYSAN,manual visual review,human,2026-09-27
A012,v1/train/vanet/205262878.jpg,d53197b3bfcba7706dfed0cc895682a077933c2e8a886f194046bc8a8bec9424,CONFIRMED_NEYSAN,manual visual review,human,2026-09-27
A013,v1/train/vanet/207379908.jpg,f763dc5d5723440033bedbcf358b9b50b9e8f51fa78c6020809fd837e2bd55e9,CONFIRMED_NEYSAN,manual visual review,human,2026-09-27
A014,v1/train/vanet/208328663.jpg,62c1f3b1f225aa6b5297130e078114bd5fb9695bbacd5def286096f4a1ee352d,CONFIRMED_NEYSAN,manual visual review,human,2026-09-27
A015,v1/train/vanet/214572271.jpg,1aed90ed7f2e02b95a086c90292623ce03177ea985447f25aeaa373e8b81302f,CONFIRMED_NEYSAN,manual visual review,human,2026-09-27
A016,v1/train/vanet/214596732.jpg,1ed7832e648c8cee63b501c47d9e19ceb4427e1da60f0dd89849e1d2336f4f7c,CONFIRMED_NEYSAN,manual visual review,human,2026-09-27
A017,v1/train/vanet/214726285.jpg,3c3e5367ca5367ee04f5f2ea83d5112a68ff62258dc96c227508a35128c54507,NOT_NEYSAN,Modern Nissan pickup (Navara-style); not Neysan per professor clarification,rule:professor_clarification,2026-09-27
A018,v1/train/vanet/214844236.jpg,90916da4f0a7a65ea4c298d2a309b66d426e4a70867c5f3a5258f180c6b7f382,CONFIRMED_NEYSAN,Exact duplicate (same sha256) of v1/unclean/neysan/214844236.jpg,rule:exact_duplicate,2026-09-27
A019,v1/train/vanet/215738096.jpg,3102b3375f665428cfd5bddb3b63258d0035d71b314ac6f79c6e652cf702a442,NOT_NEYSAN,manual visual review,human,2026-09-27
A020,v1/train/vanet/216034128.jpg,5ff367829974f118743505fa63bc6ea1873a87776708f73065e73a1077418f95,CONFIRMED_NEYSAN,manual visual review,human,2026-09-27
A021,v1/train/vanet/216107182.jpg,092f9a24cb3e35f526006dad59b60aa34eaa426d6e936ac25bf3f7b71b2ae38e,CONFIRMED_NEYSAN,manual visual review,human,2026-09-27
A022,v1/train/vanet/217558673.jpg,0cf0afed40e37de1a10032045264dc67f13310767bd2b5f39bd2a6d711254864,CONFIRMED_NEYSAN,manual visual review,human,2026-09-27
A023,v1/train/vanet/217970196.jpg,b888f9fd28d67577a7c603fd5edebee4f679067df663b63498a952784ea08135,CONFIRMED_NEYSAN,manual visual review,human,2026-09-27
A024,v1/train/vanet/218059558.jpg,013dc115d8f70535cd381fb12ba9e02123726b161ea5a24eeb0dfea0ebf67f8a,CONFIRMED_NEYSAN,manual visual review,human,2026-09-27
A025,v1/train/vanet/218080336.jpg,9f3e0e1a5bb8eaed1c3fb086081844926a2b58bec4767f1c8bcfaa5dcac2a571,CONFIRMED_NEYSAN,manual visual review,human,2026-09-27
A026,v1/train/vanet/218481035.jpg,39b8315ec4617bc6dc3815ada7b5505fbf3d316510ae9ca27f44b477da679f1a,CONFIRMED_NEYSAN,manual visual review,human,2026-09-27
A027,v1/train/vanet/218579053.jpg,1493471813329e4ffb9939e7b66b5146b6d80d1e2a4842b6abfe75bbfa3b2962,CONFIRMED_NEYSAN,manual visual review,human,2026-09-27
A028,v1/train/vanet/218753316.jpg,03279ef244e8720af41aa33d9b6a59196d73d5f5f934b5d4eaa37d00b0e02adc,CONFIRMED_NEYSAN,manual visual review,human,2026-09-27
A029,v1/unclean/vanet/194853070.jpg,dece20e435b2a020dfd6ba5a48066178a4fcd664102f1c1c18c00e611141b34b,CONFIRMED_NEYSAN,manual visual review,human,2026-09-27
A030,v1/unclean/vanet/195080365.jpg,361c4312cb3f1314aaeec96acf89e91c80ce598348c1b61e76c571cd01c8a8da,CONFIRMED_NEYSAN,manual visual review,human,2026-09-27
A031,v1/unclean/vanet/195673270.jpg,07c122527bf6c4067725283f2fbb5c9d1187971322f3bd3dbf56ad15a9fbc68a,CONFIRMED_NEYSAN,manual visual review,human,2026-09-27
A032,v1/unclean/vanet/197495997.jpg,add8ed1ad12c1276e4fe79ef87d97c21f65465f8eb9a9f77587c2f4f9cb3b764,CONFIRMED_NEYSAN,manual visual review,human,2026-09-27
A033,v1/unclean/vanet/197560785.jpg,bd6928a0ab64c89d82161e699bce2a332879c4ae69b2fdfc5ac5a5e1ef2b0f6a,CONFIRMED_NEYSAN,manual visual review,human,2026-09-27
A034,v1/unclean/vanet/197880860.jpg,e8a5fb0403edbd4b117bdcc48b06432ba59dd06e8c2ad6ed56a90f38d37821b8,CONFIRMED_NEYSAN,manual visual review,human,2026-09-27
A035,v1/unclean/vanet/197959333.jpg,d39e747a8f99835bf515ef305e601776960d98be6966a5b1d2e57dd184e37bb4,CONFIRMED_NEYSAN,manual visual review,human,2026-09-27
A036,v1/unclean/vanet/198195169.jpg,1e9ab17768c7f797b940f8a844bd1b6df1e72ce22686a4d7c54e0cafedee409b,CONFIRMED_NEYSAN,manual visual review,human,2026-09-27
A037,v1/unclean/vanet/198661396.jpg,10bbbac5056ec48712c7b65ec6aaf4294d03580f03743512e528ee708b4ee8a5,CONFIRMED_NEYSAN,manual visual review,human,2026-09-27
A038,v1/unclean/vanet/200802999.jpg,f149b1a4494e497787f111e84a9424507574517db1e23e58356f1fe0c79e826f,CONFIRMED_NEYSAN,manual visual review,human,2026-09-27
A039,v1/unclean/vanet/203454250.jpg,c334fd828446e5380e69d313e9dab7a9afe80480bd11a75ac2bb54a72cc6b6ca,CONFIRMED_NEYSAN,manual visual review,human,2026-09-27
A040,v1/unclean/vanet/204859983.jpg,b1b518d922798910b6d15af7778812a6baad138497fcb8795fd54904a34610ef,CONFIRMED_NEYSAN,manual visual review,human,2026-09-27
A041,v1/unclean/vanet/206095693.jpg,a4acfaea0ded386cf50fc5a533592a962d400ac6dea71335a93d1e8b56d07c9a,CONFIRMED_NEYSAN,manual visual review,human,2026-09-27
A042,v1/unclean/vanet/207412597.jpg,f1d2359733bfcf659eb74f25771efc01aa1957bca7e33d5b551f67e92681a679,CONFIRMED_NEYSAN,manual visual review,human,2026-09-27
A043,v1/unclean/vanet/208014246.jpg,782a72f8766d73f5d3cd5a2442d0007bc376dc668e1adb580a4ce0697cb97fcf,CONFIRMED_NEYSAN,manual visual review,human,2026-09-27
A044,v1/unclean/vanet/208582339.jpg,934cd63453c3339039db282bf6392a7145d3ed1256567fef0f0d72a7a0be85d6,CONFIRMED_NEYSAN,manual visual review,human,2026-09-27
A045,v1/unclean/vanet/208671162.jpg,fbfd99da79c525e8432c03ac66c5999cc676f586daca421e1766290f74de03f7,CONFIRMED_NEYSAN,manual visual review,human,2026-09-27
A046,v1/unclean/vanet/212107731.jpg,16143c1d4707144e3ed99c438d36bde82d2cbeb8cef9c96f8b6db4b90acd3b24,CONFIRMED_NEYSAN,manual visual review,human,2026-09-27
A047,v1/unclean/vanet/212275461.jpg,93000c2fd78a56c7c98bffaa7e27f1bf2993d012e998902515f56eaebc1a33ad,CONFIRMED_NEYSAN,manual visual review,human,2026-09-27
A048,v1/unclean/vanet/213306634.jpg,0afb952128f750b119a0e7dd7f68853e2ceae5f20217cfdd3551d465fff28683,CONFIRMED_NEYSAN,manual visual review,human,2026-09-27
A049,v1/unclean/vanet/215055953.jpg,b2f8f8f077cde88f60e55a5df8826e4337cf1ab95c4f813bb41185f35dbbd35e,CONFIRMED_NEYSAN,manual visual review,human,2026-09-27
A050,v1/unclean/vanet/215821681.jpg,6a7256c5c4aad9de4148457fcaeb433020bcc272f8de5dd53a22c921955033cf,CONFIRMED_NEYSAN,manual visual review,human,2026-09-27
A051,v1/unclean/vanet/216085337.jpg,bc10a91e5df3a5d15c90d028b5fd6aef4dbbb13bee8505317bb0d8ba8dea7dd0,CONFIRMED_NEYSAN,manual visual review,human,2026-09-27
A052,v1/unclean/vanet/216245889.jpg,af1bdddfa7c493c145064f82d48ec72354e74c41b1b29b1e79b1c25d49dc0635,CONFIRMED_NEYSAN,manual visual review,human,2026-09-27
A053,v1/unclean/vanet/216752426.jpg,0556330ddebece2c3d388a37304553c1b0f3ce69717ea5ebecee55b3c3f695bf,CONFIRMED_NEYSAN,manual visual review,human,2026-09-27
A054,v1/unclean/vanet/218187967.jpg,2156d411dd910af8444c8ea0f5f4caaafe17988a4b8f4f0593591dfaa140d90f,CONFIRMED_NEYSAN,manual visual review,human,2026-09-27
A055,v2/train/vanet/194604026.jpg,61109bc2f23b57c3a4007613b51af9209608d883b0c1479904f812b70de8796d,CONFIRMED_NEYSAN,manual visual review,human,2026-09-27
A056,v2/train/vanet/194841865.jpg,66adadcf7cde03e36351a3614a375787c3f13d7b9faf7fbabb9943c07a0cdcc7,CONFIRMED_NEYSAN,manual visual review,human,2026-09-27
A057,v2/train/vanet/194936120.jpg,2edd8d029d5d1a34d9a233655dadf6e94d3b2cb6a1f7c98397eb7364aae28b97,CONFIRMED_NEYSAN,manual visual review,human,2026-09-27
A058,v2/train/vanet/194942215.jpg,7d1fbd47d6103bc5633ad48dc6efa510655b2c51e3faa31726bd0364553b1b21,NOT_NEYSAN,manual visual review,human,2026-09-27
A059,v2/train/vanet/195297859.jpg,18525ba004ebc5618b19d0b343c23284801e51df06935d61aac8c9204c5ceefb,CONFIRMED_NEYSAN,manual visual review,human,2026-09-27
A060,v2/train/vanet/195489956.jpg,84bf0a2d9a44654125c3e8bb058d7d22b8c5edb37e05cada66154dc6c5c211ac,CONFIRMED_NEYSAN,manual visual review,human,2026-09-27
A061,v2/train/vanet/195623474.jpg,399a5121942b8e4a3d029a6afa72804eb8931d92149e05b1cddc17391b347fbc,CONFIRMED_NEYSAN,manual visual review,human,2026-09-27
A062,v2/train/vanet/196271519.jpg,11dbdde7e895b91449f8a18134c274d43355328ada845d6d85622232f05aaa78,CONFIRMED_NEYSAN,manual visual review,human,2026-09-27
A063,v2/train/vanet/196600810.jpg,dda660f57344b6b857a72551ea670735b79f09baa4421a275ab9c0cd1951f15d,CONFIRMED_NEYSAN,manual visual review,human,2026-09-27
A064,v2/train/vanet/196659846.jpg,166b818103815b2df8b126fb6087a6e3b1e9cc25ed6ce299cabef25180a1d87e,CONFIRMED_NEYSAN,manual visual review,human,2026-09-27
A065,v2/train/vanet/196691380.jpg,7c3be3c670b13cdf8322fb34706001f368bba07c5eefa64564333da854ec6da4,CONFIRMED_NEYSAN,manual visual review,human,2026-09-27
A066,v2/train/vanet/196935586.jpg,5c8e0c8b1e43f3edc5786e86bee5613f53a4455576e331a824c4a3970af7dd04,CONFIRMED_NEYSAN,manual visual review,human,2026-09-27
A067,v2/train/vanet/196958341.jpg,d83f00b8fda268796ffd37cf1502e71d1804a42f9597e6fb30092d4ede3e1bfb,CONFIRMED_NEYSAN,manual visual review,human,2026-09-27
A068,v2/train/vanet/197012948.jpg,99954aa5eb527162a0da0f04cab260eeb9af48f56fae4e21c623ee963b60fa36,CONFIRMED_NEYSAN,manual visual review,human,2026-09-27
A069,v2/train/vanet/197050396.jpg,7df1b75ca7e5255bdb30e1a2a0782ddc496693a1f0ae177ffe39d5e6788809c1,CONFIRMED_NEYSAN,manual visual review,human,2026-09-27
A070,v2/train/vanet/197051875.jpg,75e20ec465eacea78168a5f1748f7208e02338c76dc3839ffecf578cb9fb77e6,CONFIRMED_NEYSAN,manual visual review,human,2026-09-27
A071,v2/train/vanet/197145624.jpg,c8ae1e46555251ddf85d37970a6759a268939d44b7e818123b3f3ffa935fa5bb,CONFIRMED_NEYSAN,manual visual review,human,2026-09-27
A072,v2/train/vanet/197230014.jpg,9ee388920bee4fcc708653f510ad1d06ad28f983be1aea3e5d0c60aa22a96fcd,CONFIRMED_NEYSAN,manual visual review,human,2026-09-27
A073,v2/train/vanet/197248106.jpg,2fe9e5048ddec328e365a23e569727dd3fa009ede6601666fb59fb2c4ace60ea,CONFIRMED_NEYSAN,manual visual review,human,2026-09-27
A074,v2/train/vanet/197400566.jpg,3c7278417fe67a01d5faf2927bc5aac420fc2a1f3022f15a5d5475ab9fceed75,CONFIRMED_NEYSAN,manual visual review,human,2026-09-27
A075,v2/train/vanet/197526482.jpg,d24ff94e8b0e974c3edcf44cf6dacb8c23e21f833df314e27602d141f998dc4f,CONFIRMED_NEYSAN,manual visual review,human,2026-09-27
A076,v2/train/vanet/197800952.jpg,aa25035b8606c2b0a2330cb0e36c064507faec9c68c434b1ce4b3ac6561ff754,CONFIRMED_NEYSAN,manual visual review,human,2026-09-27
A077,v2/train/vanet/197801257.jpg,53517075f26c05441666b5b22b50ef25c6dfee8139ad289e131c812fcf295b95,CONFIRMED_NEYSAN,manual visual review,human,2026-09-27
A078,v2/train/vanet/197986381.jpg,50ed349efeb86bea3eee131ce5c0ba309638ebb8e0db6f9a369c0705072ddd62,CONFIRMED_NEYSAN,manual visual review,human,2026-09-27
A079,v2/train/vanet/198067896.jpg,91947aa32e0defe210d2503b14f50ab3765331247a7b078c37c04eee887eb059,CONFIRMED_NEYSAN,manual visual review,human,2026-09-27
A080,v2/train/vanet/198083699.jpg,60277d8205be08d40860f530095cf6105f4e6be78f4d1101329f93f5d560f2d4,CONFIRMED_NEYSAN,manual visual review,human,2026-09-27
A081,v2/train/vanet/198119089.jpg,ceebfa8448cc9b03eb83603223183d768a2beba6ece1e890f3f8b89b84c581c7,CONFIRMED_NEYSAN,manual visual review,human,2026-09-27
A082,v2/train/vanet/198237870.jpg,8290ed4da9112ad8f02fecae039d3a0b74cd41481f2fd07f68022a2388ce6faf,CONFIRMED_NEYSAN,manual visual review,human,2026-09-27
A083,v2/train/vanet/198246401.jpg,8d3888eeb303444eb8cbd4fffbed56be4a95ff06d19181d947d09c95a39b4b07,CONFIRMED_NEYSAN,manual visual review,human,2026-09-27
A084,v2/train/vanet/198381413.jpg,8a75676670f7b9b282acbbad426df999c6dbd278765188b02cac0b3f4886755b,CONFIRMED_NEYSAN,manual visual review,human,2026-09-27
A085,v2/train/vanet/198484121.jpg,faa7bb9789c88918c2df8fb4087fc01b7c7d5f935d4a25207da38eace05f7e1f,CONFIRMED_NEYSAN,manual visual review,human,2026-09-27
A086,v2/train/vanet/198502993.jpg,3ae621e642e99e716e438d07b1438c6f086100ada9a7522c3c592794ab59bf13,CONFIRMED_NEYSAN,manual visual review,human,2026-09-27
A087,v2/train/vanet/198682197.jpg,e41732645a264c8cbf7b773ed072927781dc5e1708ec1ccaeaca197e5e298799,CONFIRMED_NEYSAN,manual visual review,human,2026-09-27
A088,v2/train/vanet/198738633.jpg,b517727931484736b2ef43f5ce9e226a7973940f074d1c5d97945b02598fd951,CONFIRMED_NEYSAN,manual visual review,human,2026-09-27
A089,v2/train/vanet/198922511.jpg,f38afbe5e2904cf8c04b25dcbd9d9acb2760346e23d1f22e90ac92c0d5db15ff,CONFIRMED_NEYSAN,manual visual review,human,2026-09-27
A090,v2/train/vanet/199280248.jpg,d29c78ed00239223d08e290c014fbf6561f515e81b4d26aa72bc8c066e2ff444,CONFIRMED_NEYSAN,manual visual review,human,2026-09-27
A091,v2/train/vanet/199334653.jpg,aea8b441385986261216bc4646317b48073bb30dc404f9808a73cfdbf5ca2387,CONFIRMED_NEYSAN,manual visual review,human,2026-09-27
A092,v2/train/vanet/199339196.jpg,58526689ba9868e8bb009b6a709d9a870ff1d83f7d3bde1fe5a722ed0ede23b1,CONFIRMED_NEYSAN,manual visual review,human,2026-09-27
A093,v2/train/vanet/199447894.jpg,9387b41b883dc0ed0214538ba3185e659af6cffed287155a8e7ade9a3a08cb06,CONFIRMED_NEYSAN,manual visual review,human,2026-09-27
A094,v2/train/vanet/199550450.jpg,53da085f24e6c09cc39ac94c8d04b94534d56e52fa26bc23be3cce481d315ad8,CONFIRMED_NEYSAN,manual visual review,human,2026-09-27
A095,v2/train/vanet/199832901.jpg,69bbd63eff45f8150ecfe637404412ee2415cd4f84f683b004b27e6f34995e4f,CONFIRMED_NEYSAN,manual visual review,human,2026-09-27
A096,v2/train/vanet/199953375.jpg,497377eb9ede4243747041aa951f6504b4dded1593563c0eea45b3665da60f9f,CONFIRMED_NEYSAN,manual visual review,human,2026-09-27
A097,v2/train/vanet/200298503.jpg,5fb6b793e9f8c55f53a732b04221f7d04d2c34046c7298fecda2095a4e85640a,CONFIRMED_NEYSAN,manual visual review,human,2026-09-27
A098,v2/train/vanet/200389158.jpg,fa13f247afd93ba9a75f184d5d60119c9e9a1764a87fe5ba2e126eb6220e5658,CONFIRMED_NEYSAN,manual visual review,human,2026-09-27
A099,v2/train/vanet/200481076.jpg,b551c002fcd3129c17333676558ce5ca69882b423e8947d8e1dbfa9a614efe40,CONFIRMED_NEYSAN,manual visual review,human,2026-09-27
A100,v2/train/vanet/200809636.jpg,d2b23b510c0ecfa63b4fc692f64301e48dac9f7d6c52715c138cbb5588e0626f,CONFIRMED_NEYSAN,manual visual review,human,2026-09-27
A101,v2/train/vanet/200843665.jpg,3ba361f9fd8701a5bcc479d801f2a1aba52db66734553a3d70d86295ffe83e99,CONFIRMED_NEYSAN,manual visual review,human,2026-09-27
A102,v2/train/vanet/202177183.jpg,09629d617f8c19b5ea0d8c97f6b5b0f8a71fec2c76fc0b85d26df138c33479bc,CONFIRMED_NEYSAN,manual visual review,human,2026-09-27
A103,v2/train/vanet/202810079.jpg,6c20cd18bc3d9967fcc04154fe67d1f0f5c1238de28e68a81518fc9ae59cafca,CONFIRMED_NEYSAN,manual visual review,human,2026-09-27
A104,v2/train/vanet/202819083.jpg,e2dfc6c961ae8e98212b361e346b661685f71589a0d8940a8417641a91898a37,CONFIRMED_NEYSAN,manual visual review,human,2026-09-27
A105,v2/train/vanet/202926245.jpg,318183ae06ab7b2e565c568da2d08f6cbf5624c0819d443bc3b3a38ece9c381e,CONFIRMED_NEYSAN,manual visual review,human,2026-09-27
A106,v2/train/vanet/203213711.jpg,669d127b129f38eb68cc63eacc2a67a41e575c204ba08ecd0e01543d4ae44205,CONFIRMED_NEYSAN,manual visual review,human,2026-09-27
A107,v2/train/vanet/203265997.jpg,9d1f10cabf044dd8846ac4832ee227ffa520f06c10c4db6ab7a89c92c31c0b66,CONFIRMED_NEYSAN,manual visual review,human,2026-09-27
A108,v2/train/vanet/205327149.jpg,83360658d777be03cc2dc27401d28923e247128506144eb3014739582a92e209,CONFIRMED_NEYSAN,manual visual review,human,2026-09-27
A109,v2/train/vanet/206146531.jpg,234e7628d2932f708bc982f640eaa5766bf721f4646acda4279997f0578830a7,CONFIRMED_NEYSAN,manual visual review,human,2026-09-27
A110,v2/train/vanet/206569698.jpg,1e51fc6f88ca6c784fe6816dd3a833d5bde5bbf216225988f176a7fbc9a11c5b,CONFIRMED_NEYSAN,manual visual review,human,2026-09-27
A111,v2/train/vanet/206739448.jpg,d75120dc5943da764a6be3ca43e7a440098c4dc128f0e0fd84a3599da8bfe0f9,CONFIRMED_NEYSAN,manual visual review,human,2026-09-27
A112,v2/train/vanet/207385887.jpg,0590e6b5ebb99b320d7a6173c478f68a7f35be83dde5d4350707eb905e73a89d,CONFIRMED_NEYSAN,manual visual review,human,2026-09-27
A113,v2/train/vanet/207739732.jpg,454f0993ce72ffadcc5dec7cf0f8affa98853f79644de82add52de9eeb86791a,CONFIRMED_NEYSAN,manual visual review,human,2026-09-27
A114,v2/train/vanet/207752161.jpg,e94683e083f33ad067c83add3d99735ac568955986b63cdb8386d3f17edd7a1a,CONFIRMED_NEYSAN,manual visual review,human,2026-09-27
A115,v2/train/vanet/208339363.jpg,afa0ffae635d0b921e6cbe154eef0c81b3d8db604efcd8676e6fd87b24a48760,CONFIRMED_NEYSAN,manual visual review,human,2026-09-27
A116,v2/train/vanet/208422550.jpg,d385229368d8bb9dce8e12d343fa22d33868f566b1bd8acdea76bd44998a46e9,CONFIRMED_NEYSAN,manual visual review,human,2026-09-27
A117,v2/train/vanet/208497709.jpg,41e5048e0cc81ffebe685f37b7e20fbdadba397fa199aa1e1055c395d6546a0a,CONFIRMED_NEYSAN,manual visual review,human,2026-09-27
A118,v2/train/vanet/208593884.jpg,b2df6152e00164a8ef1f145dab9448746a4e2881448642e0ac05f9b2f9fb6228,CONFIRMED_NEYSAN,manual visual review,human,2026-09-27
A119,v2/train/vanet/208707423.jpg,2ec1bd92a892e242c5c1d1ad9d8db0b6d8ced8dc7d4f1d20eb6fbdaa902c8215,CONFIRMED_NEYSAN,manual visual review,human,2026-09-27
A120,v2/train/vanet/209014176.jpg,6d6163b1aaf3cdd8df03b8c5702ebddc369ba8cc1b54ab966c6cce0914e7cf1e,CONFIRMED_NEYSAN,manual visual review,human,2026-09-27
A121,v2/train/vanet/209096424.jpg,54fc4be0105eaf5720c259a83cdffc05149f1c9bfd9ddc0ddeed06c0dbbfdf70,CONFIRMED_NEYSAN,manual visual review,human,2026-09-27
A122,v2/train/vanet/209271297.jpg,62e64c50d7d092639433f637e687cab3ad35c19b5c1f2f6eb238941cdea92d4b,CONFIRMED_NEYSAN,manual visual review,human,2026-09-27
A123,v2/train/vanet/209919775.jpg,7a4762f61a25248ab59b39e6bac448b8bbbb66202efd930bf1f2a1f2ca537093,CONFIRMED_NEYSAN,manual visual review,human,2026-09-27
A124,v2/train/vanet/209937838.jpg,dd26963805957e0fdda9857d6d59d306f994685b179111319cfe0fc119b0604f,CONFIRMED_NEYSAN,manual visual review,human,2026-09-27
A125,v2/train/vanet/210121027.jpg,61d81a4434001bce64683a10db6306630109bd72e6dc08cf85e570d75f1ccafd,CONFIRMED_NEYSAN,manual visual review,human,2026-09-27
A126,v2/train/vanet/211821251.jpg,626052ce2f567dafd0d870914e5f1daf6592f13e5b7cbd6a7c37ea7b431a4d25,CONFIRMED_NEYSAN,manual visual review,human,2026-09-27
A127,v2/train/vanet/212177980.jpg,f8b5fd91823cdaff5cbd052f8a59539d162801268ec78b10827c86022223403b,CONFIRMED_NEYSAN,manual visual review,human,2026-09-27
A128,v2/train/vanet/212179510.jpg,7d9ab9ca7a72f7f0e49bdc08ad8b34dc4410d1c2dd16abca84246a338b49aed9,CONFIRMED_NEYSAN,manual visual review,human,2026-09-27
A129,v2/train/vanet/212246766.jpg,3d6882c0e1b1ee4dd96dd35b58d0eacb68ee3ea0c62a181bb564f252fac737b3,CONFIRMED_NEYSAN,manual visual review,human,2026-09-27
A130,v2/train/vanet/212286109.jpg,c2c26861224e36c7ebe2592354f6c63ae56b4026bb8ffff7bee92449a2c793f3,CONFIRMED_NEYSAN,manual visual review,human,2026-09-27
A131,v2/train/vanet/212899489.jpg,3cfd4643f04939a73b3437635e93138ef14f9d30ce518a21ea5af8d68c64c041,CONFIRMED_NEYSAN,manual visual review,human,2026-09-27
A132,v2/train/vanet/213024260.jpg,014a61b84dd080653bf1c943eae54897de2c7c2410a636be171752dc68dc42d0,CONFIRMED_NEYSAN,manual visual review,human,2026-09-27
A133,v2/train/vanet/213201102.jpg,15066bf4fb5b8069548667cccefd49aa63b022da7169db8c69784efd246b934c,CONFIRMED_NEYSAN,manual visual review,human,2026-09-27
A134,v2/train/vanet/213213974.jpg,dfb4991e3705a0baf200766290e237f6c24473b069615fbaebfe7a2b314b13ba,CONFIRMED_NEYSAN,manual visual review,human,2026-09-27
A135,v2/train/vanet/213474257.jpg,3654fe4526dfa1287b15402dc5d99ec98364d59d79dde15bf33a371a1eef8d3b,CONFIRMED_NEYSAN,manual visual review,human,2026-09-27
A136,v2/train/vanet/213499081.jpg,0371233e72e361356c6d6aec42502e2773c51b7cb4ff2493ccb6823e7b2d65a1,CONFIRMED_NEYSAN,manual visual review,human,2026-09-27
A137,v2/train/vanet/213512974.jpg,511be5642da5a12ea93b9af6cccf39600c528fcf7de7e6bf699e4667267b6281,CONFIRMED_NEYSAN,manual visual review,human,2026-09-27
A138,v2/train/vanet/213516467.jpg,9a01c4366e8424f79dcdffe5f0af228905e043204be58f5214ddd3c585cb17be,CONFIRMED_NEYSAN,manual visual review,human,2026-09-27
A139,v2/train/vanet/214534544.jpg,688ddb408ad94899b0fb726cd34da2ff4698b9a1171020e0a9835940616963f3,CONFIRMED_NEYSAN,manual visual review,human,2026-09-27
A140,v2/train/vanet/214570473.jpg,4e84c89f4a439cf4c5c40c0d6980bb69b89fd4ab8135919e758d6f45e01f903b,CONFIRMED_NEYSAN,manual visual review,human,2026-09-27
A141,v2/train/vanet/214575134.jpg,7eb92889218ed962d87a4d6e4f6032d12c3cb745f74bec212e04ca2726472cc7,CONFIRMED_NEYSAN,manual visual review,human,2026-09-27
A142,v2/train/vanet/214679839.jpg,ab57aa45493f356923a6849cfae5a1cec705cca474a0346edd599622b918a324,CONFIRMED_NEYSAN,manual visual review,human,2026-09-27
A143,v2/train/vanet/214716307.jpg,8f9aad61197425a5e0f4b16ada3e1d98904cb148d1a23139ee590405386c7fcb,CONFIRMED_NEYSAN,manual visual review,human,2026-09-27
A144,v2/train/vanet/214776623.jpg,c3755b2c39a0bfa2a76865e5d5da58d326a8c782d0c36eb5801ad76661f8c33c,CONFIRMED_NEYSAN,manual visual review,human,2026-09-27
A145,v2/train/vanet/215698156.jpg,ca61fad9fe17fad1b553f4d48c93bfc9462c348bf206e1b1be0a3882bafed556,CONFIRMED_NEYSAN,manual visual review,human,2026-09-27
A146,v2/train/vanet/216342000.jpg,112118d01e5d96a51310f9929aae342ccc9de6e34095551e37843d2825f56742,CONFIRMED_NEYSAN,manual visual review,human,2026-09-27
A147,v2/train/vanet/216462815.jpg,f177d087453c45502d8f52aed2a80e9154ddb609f7ea0da49ea3c9d9b07150d9,CONFIRMED_NEYSAN,manual visual review,human,2026-09-27
A148,v2/train/vanet/216849972.jpg,7485baa68bc842510158b61a3ea54feadbfd1feb9a5d1f7c6ba17a7e14a2294f,CONFIRMED_NEYSAN,manual visual review,human,2026-09-27
A149,v2/train/vanet/216976584.jpg,146618e0a9bd5bfa7cf084fc53263f187c7f34fdb44722e080f842ac82218576,CONFIRMED_NEYSAN,manual visual review,human,2026-09-27
A150,v2/train/vanet/217097271.jpg,1bdbf0bd6c7b4c76f69516f751a8c6248c72a513a1301fe193148064c8dec32e,CONFIRMED_NEYSAN,manual visual review,human,2026-09-27
A151,v2/train/vanet/217170964.jpg,c515765eaeebe80f9d9eec89e9f39b07c395f8fa7809edcbc775966141e65a64,CONFIRMED_NEYSAN,manual visual review,human,2026-09-27
A152,v2/train/vanet/217260102.jpg,bde0156d65e3f26daac4b551df5caee386a75698acec5e9d4226460e0231f6bd,CONFIRMED_NEYSAN,manual visual review,human,2026-09-27
A153,v2/train/vanet/217515157.jpg,c7a3239a503a3a6cc75bfc190c6682de3d62e36aa4aa16751ff5a16b2f71eeea,CONFIRMED_NEYSAN,manual visual review,human,2026-09-27
A154,v2/train/vanet/217570438.jpg,6576d31841c9b31b6f63164b482fdc86a6650154421895cf965ea7675870d1ab,CONFIRMED_NEYSAN,manual visual review,human,2026-09-27
A155,v2/train/vanet/217981226.jpg,023ce606d3393ce1ccdf3d21fda85cc3900c1576bbfe4eb26b9c2368da677d63,CONFIRMED_NEYSAN,manual visual review,human,2026-09-27
A156,v2/train/vanet/218101940.jpg,bca144b36590a50f1f882f588362f21ffec2f6c9c03e01542de452e0cb0995be,CONFIRMED_NEYSAN,manual visual review,human,2026-09-27
A157,v2/train/vanet/218189460.jpg,df8c5721e7e2391f41894fc9e3161dab6880bbb12c07318be144df4f7924d08c,CONFIRMED_NEYSAN,manual visual review,human,2026-09-27
A158,v2/train/vanet/218259572.jpg,9f880b6aa193fea3b4652185dadea0398ef45b5fc32793a56e0d1bb1e0a65617,CONFIRMED_NEYSAN,manual visual review,human,2026-09-27
A159,v2/train/vanet/218269888.jpg,75ebb93a37896b38d30aa38713619602fc231b777c491b05718199665f1a3512,CONFIRMED_NEYSAN,manual visual review,human,2026-09-27
A160,v2/train/vanet/218571705.jpg,424adf6cd20cf322468b906e8f3ef090e089f2a45ee80d2cb5407c92f5b24964,CONFIRMED_NEYSAN,manual visual review,human,2026-09-27
A161,v2/train/vanet/218619586.jpg,fa02bc9228a8d306b69fd06c7cf1f6c6e9f560ee5172dcc61c27a5a76cb18f10,CONFIRMED_NEYSAN,manual visual review,human,2026-09-27
A162,v2/train/vanet/218621398.jpg,60c8e3db6f068e1dc2a02fe62924dcb95a9ba92daff381164b3cb77d024305f0,CONFIRMED_NEYSAN,manual visual review,human,2026-09-27
A163,v2/train/vanet/218653329.jpg,72b24b1e69353367940bf16c2c1f72c51fecdf0a2458f04925aebe98744b7b68,CONFIRMED_NEYSAN,manual visual review,human,2026-09-27
A164,v2/train/vanet/218785295.jpg,586af4a5e35ce8428c44d0fb7d1f00d110841eecf8decf5f053201c4b6b8cdeb,CONFIRMED_NEYSAN,manual visual review,human,2026-09-27
A165,v2/train/vanet/218890033.jpg,92436108f03b61d83e29b4a47a3976a1f3fd006023c7a537cc9ef73378c30a0f,CONFIRMED_NEYSAN,manual visual review,human,2026-09-27
A166,v2/train/vanet/218955810.jpg,03b400f5735bde0b01ed59772d4b62fa6bff12878bc65720f86d2e257e806556,NOT_NEYSAN,manual visual review,human,2026-09-27
A167,v2/train/vanet/218980394.jpg,03f82aa42045131436dacfe7507aac69e7bbfb4eabf1d0968590e83b62f23e76,CONFIRMED_NEYSAN,manual visual review,human,2026-09-27
A168,v2/train/vanet/219013565.jpg,3a49ca5113c6ccaed70c74bdb67c064461520e94130916b0981baa5e832b48e6,CONFIRMED_NEYSAN,manual visual review,human,2026-09-27
A169,v2/train/vanet/219037231.jpg,ce400821e6b1e4872087ee49a7087845ae8b1624913e253947018f874ff1c07f,CONFIRMED_NEYSAN,manual visual review,human,2026-09-27
A170,v2/train/vanet/219127494.jpg,e6a5ea88d0512f8b8c3bc978f9ddd3803164fe19bcc01d793068bd124b66a263,NOT_NEYSAN,manual visual review,human,2026-09-27
A171,v2/unclean/vanet/194872019.jpg,bcc3538bd5950a8c4e4fa45ce24196f53d38f2dacde99a932c67fa8a0a4dbd58,NOT_NEYSAN,manual visual review,human,2026-09-27
A172,v2/unclean/vanet/195110811.jpg,e009a776dea5462b05c1be90fcdff9c6c8a562c0a446c7073fab5aca407acbca,CONFIRMED_NEYSAN,manual visual review,human,2026-09-27
A173,v2/unclean/vanet/195290564.jpg,54071b84484db67767ac100214e2cd2fe546c3ed5eddbee925377c92343536fd,CONFIRMED_NEYSAN,manual visual review,human,2026-09-27
A174,v2/unclean/vanet/195491717.jpg,363590ba6658f165ff94d5685809eafe8382592e53951f776a4a6c3094f823a5,CONFIRMED_NEYSAN,manual visual review,human,2026-09-27
A175,v2/unclean/vanet/195740684.jpg,2d5b26b1a721c583fbdd6d2d12df8b37a2b4ba0088fd90262f1d26622bba37ce,CONFIRMED_NEYSAN,manual visual review,human,2026-09-27
A176,v2/unclean/vanet/196095992.jpg,0c2713f35c87ddd9c991476ebc464a975db05d9b448625663f051f6748bcc877,CONFIRMED_NEYSAN,manual visual review,human,2026-09-27
A177,v2/unclean/vanet/196216785.jpg,5f4cb182823eaca08975e9df79a7d242e8f718a75c57b6043424915d7fec1d26,CONFIRMED_NEYSAN,manual visual review,human,2026-09-27
A178,v2/unclean/vanet/196472764.jpg,6317b8c8135626f07047ac8523f4a191ab641ac6504c5097e6066146d1dd9b80,CONFIRMED_NEYSAN,manual visual review,human,2026-09-27
A179,v2/unclean/vanet/196484539.jpg,c53a7e1ecbd504ede0f00456b58fe274a3219f2970c4ccd8ffd311c2b18c9f6a,CONFIRMED_NEYSAN,manual visual review,human,2026-09-27
A180,v2/unclean/vanet/197187868.jpg,8fe8d16904e10aad49bb646f5754c4d277464bab6645ff00441178dde1bd293c,CONFIRMED_NEYSAN,manual visual review,human,2026-09-27
A181,v2/unclean/vanet/197241414.jpg,9cd13157fd36b2ee2122201a70030995b3caf0da7e4c77f3c5f113ee3803ab3b,CONFIRMED_NEYSAN,manual visual review,human,2026-09-27
A182,v2/unclean/vanet/197247731.jpg,71e8106170c742d1c67d30766e62a58a67a0c48b940217a5dd513a1f197a1289,CONFIRMED_NEYSAN,manual visual review,human,2026-09-27
A183,v2/unclean/vanet/197316952.jpg,f589237c9be36c3d6bf4345d1d67b9ffc6d9ee7ed34962d2d3f5b9edb094d1d5,CONFIRMED_NEYSAN,manual visual review,human,2026-09-27
A184,v2/unclean/vanet/197365651.jpg,b34f7a67b5bf4801e002a96b013412fa08ffd8085d0fb1074c93eb0114e97a62,CONFIRMED_NEYSAN,manual visual review,human,2026-09-27
A185,v2/unclean/vanet/197437140.jpg,b20716c390f4d40a7a8e3d9bbfe8384643c4d660acdebf87a8bac2d8a97d59c9,CONFIRMED_NEYSAN,manual visual review,human,2026-09-27
A186,v2/unclean/vanet/197440812.jpg,4853e153a59d8365a01de5ef8f6ed079c86eae39539aaa511a84ecd719bd3c4e,CONFIRMED_NEYSAN,manual visual review,human,2026-09-27
A187,v2/unclean/vanet/197560959.jpg,284b458f7cf4a4b062987419db9f610e2676c7e109ad623a0626d080fb7ced97,CONFIRMED_NEYSAN,manual visual review,human,2026-09-27
A188,v2/unclean/vanet/197957684.jpg,4f43055189e86980ea2cf61fbe27583c84a32464179a0f2ae8c6036d4f1de0c7,CONFIRMED_NEYSAN,manual visual review,human,2026-09-27
A189,v2/unclean/vanet/198052628.jpg,f1da9c04df8a6f84e9fe4d6963eeb02dc34b0f2a2ff405f47e15eeed6f6bde10,CONFIRMED_NEYSAN,manual visual review,human,2026-09-27
A190,v2/unclean/vanet/198067483.jpg,b1c97bb1e400ded90f4c3de6c55e30e1a1591eceeb7361d1f3a6712b23f8f4a2,CONFIRMED_NEYSAN,manual visual review,human,2026-09-27
A191,v2/unclean/vanet/198256082.jpg,e3265c9496ceb392dffa7229e8761f33b92e034e232399ae42e2734ca6ef6b50,CONFIRMED_NEYSAN,manual visual review,human,2026-09-27
A192,v2/unclean/vanet/198366858.jpg,744f72afff4d67b9f45bb3e4f968ed35eb194a8a945480300410b612e1e4e8e0,CONFIRMED_NEYSAN,manual visual review,human,2026-09-27
A193,v2/unclean/vanet/198420720.jpg,c0dfaedd41981bcbb3a05185c96d93f701844f1e1b977070ce998d8c7d6d2621,CONFIRMED_NEYSAN,manual visual review,human,2026-09-27
A194,v2/unclean/vanet/198454664.jpg,832e7418bccb40bf357b1a54a46c4294d45f13b98d42f865ee865f911ddfaea9,CONFIRMED_NEYSAN,manual visual review,human,2026-09-27
A195,v2/unclean/vanet/198459757.jpg,724955b134a9e1df6fcadff8012f6769b85a460896e7c5079772fd0ce3fc1050,CONFIRMED_NEYSAN,manual visual review,human,2026-09-27
A196,v2/unclean/vanet/198487480.jpg,c568a17ef5feabd414d4fdb1bb0ee19aec7d3054e04b523ce1ef95179f1288f8,CONFIRMED_NEYSAN,manual visual review,human,2026-09-27
A197,v2/unclean/vanet/199405061.jpg,6f142440f0d2b4600a7a4b4193170cb24366c1696c859d88c68e7c193ece26f5,CONFIRMED_NEYSAN,manual visual review,human,2026-09-27
A198,v2/unclean/vanet/199524545.jpg,9846dd58f2759c625222850fb6a179e72c7b352e1ad9e97f13f2cfcb7225c2e0,CONFIRMED_NEYSAN,manual visual review,human,2026-09-27
A199,v2/unclean/vanet/199525188.jpg,8e06650d7ffd84115d5b457c18ffe0c42418fb79101c5ce2c45ae558141cd30b,CONFIRMED_NEYSAN,manual visual review,human,2026-09-27
A200,v2/unclean/vanet/199534377.jpg,51602fe079b5ecde8a32b423c1bc23d84fe432145562801ed6fc7805ffebedb8,CONFIRMED_NEYSAN,manual visual review,human,2026-09-27
A201,v2/unclean/vanet/199677477.jpg,6ba3aa992438cf5ab1eed7cacbfabf6597d3fae0bd185af427a59ff1f437a6d6,CONFIRMED_NEYSAN,manual visual review,human,2026-09-27
A202,v2/unclean/vanet/199706691.jpg,df9a58dcf3a5ae070a1bd5570ec3e4b95cbc2dadd48754fd7bd3ba44ca631494,CONFIRMED_NEYSAN,manual visual review,human,2026-09-27
A203,v2/unclean/vanet/199788218.jpg,e057fedf656587621ca95a0a6fdf8355f48630d9757c3529dad5b515fd446ebc,CONFIRMED_NEYSAN,manual visual review,human,2026-09-27
A204,v2/unclean/vanet/199800413.jpg,bb9ef40e6b43e35ddca6df0277de0ed750d78b2cab92f394a11bae78c01e8131,CONFIRMED_NEYSAN,manual visual review,human,2026-09-27
A205,v2/unclean/vanet/199831447.jpg,1cd068918260665c335c0e6b92866cf2f3ed37e0ea981e948aa7f5dc0ca20f96,CONFIRMED_NEYSAN,manual visual review,human,2026-09-27
A206,v2/unclean/vanet/200794546.jpg,c4c9745924b2f47af5a7724484d62d614af333f6ecc7c856e3c928186a52f571,CONFIRMED_NEYSAN,manual visual review,human,2026-09-27
A207,v2/unclean/vanet/201189023.jpg,33be794633858ec17359beb008286ef1333e1f60272646bf2465b6c47e33f736,CONFIRMED_NEYSAN,manual visual review,human,2026-09-27
A208,v2/unclean/vanet/201223227.jpg,0029f6f41999ce6b31d2f03aa9994415a81686ed095ffcbaa95929efcd72396e,CONFIRMED_NEYSAN,manual visual review,human,2026-09-27
A209,v2/unclean/vanet/201814328.jpg,8feae3363494825ddcb93017a696d908319207ca9664c242bc5d5f23beb41029,CONFIRMED_NEYSAN,manual visual review,human,2026-09-27
A210,v2/unclean/vanet/202308812.jpg,c36e78feb266e9a138d71e80219cab2f6e51add35cae37d11090857ff10a0380,CONFIRMED_NEYSAN,manual visual review,human,2026-09-27
A211,v2/unclean/vanet/202980222.jpg,701ab28142031fd74b64e1281ff41e7323f1e96167372d0c0f9dc04280d5362b,CONFIRMED_NEYSAN,manual visual review,human,2026-09-27
A212,v2/unclean/vanet/205193554.jpg,52c938cff17ff5337e0927b52f27760a18cd2c75ba7990c399f01906f20f87d8,CONFIRMED_NEYSAN,manual visual review,human,2026-09-27
A213,v2/unclean/vanet/205354707.jpg,b272da62cd9784c8a9ec3bd611d654993a720b21d1651a48af824c53271a801c,CONFIRMED_NEYSAN,manual visual review,human,2026-09-27
A214,v2/unclean/vanet/205359219.jpg,61a453cf06731383e7283418551f7f64fe3cf21dfbae5bd8f9199698da9f980b,CONFIRMED_NEYSAN,manual visual review,human,2026-09-27
A215,v2/unclean/vanet/205720297.jpg,a2c9a2e11089f4acae7cab967144c62b53cf78930fc887484f890bccd7825b4d,CONFIRMED_NEYSAN,manual visual review,human,2026-09-27
A216,v2/unclean/vanet/205765142.jpg,8c7d7d5d685826c665612f3549f28703174044f9856597ed78da7a919e5a4fbf,CONFIRMED_NEYSAN,manual visual review,human,2026-09-27
A217,v2/unclean/vanet/205814375.jpg,84cc6ee22f1bc3853c79360c44c0a4ac305c2ce40c3c624d0987d65cf2fb99d0,CONFIRMED_NEYSAN,manual visual review,human,2026-09-27
A218,v2/unclean/vanet/205839665.jpg,a5b3960658c0c6a89c44a96d9642d2e6bd326415f038ac45084532e791bba550,CONFIRMED_NEYSAN,manual visual review,human,2026-09-27
A219,v2/unclean/vanet/206621017.jpg,2cc42fdbbd6b50c031f14505f8b2fdc5da4cc27d5162f23795942e40c039ad86,CONFIRMED_NEYSAN,manual visual review,human,2026-09-27
A220,v2/unclean/vanet/206621338.jpg,99617ed87bfbcec4a5471d8f6e991e1d469e26352cbf2bbcc2f1c318c34a42bc,CONFIRMED_NEYSAN,manual visual review,human,2026-09-27
A221,v2/unclean/vanet/207079360.jpg,f3fd691c0188d7328b0b119bff4ecd0c29a4ab086efc9915214c5011ea3f7dd7,CONFIRMED_NEYSAN,manual visual review,human,2026-09-27
A222,v2/unclean/vanet/207142715.jpg,d40a944e2b24ec5d11561f23e2a29fb4bc2eda5b1e6e4364e0c02bb06c56969b,CONFIRMED_NEYSAN,manual visual review,human,2026-09-27
A223,v2/unclean/vanet/207534276.jpg,8d9da3623e3c7ffff0c6c01a4646942330104e2e52330572705144fa0e66e72c,NOT_NEYSAN,manual visual review,human,2026-09-27
A224,v2/unclean/vanet/207573757.jpg,4a0cafe0fdc2a9ffe9158653f12c914fa57f3ef45b861fdde577f0be03a6213a,NOT_NEYSAN,manual visual review,human,2026-09-27
A225,v2/unclean/vanet/207596603.jpg,fe1eb10659baeb58966252e571ad7f2160bb85825eef07aadc5ff2a932c85b76,CONFIRMED_NEYSAN,manual visual review,human,2026-09-27
A226,v2/unclean/vanet/207846586.jpg,b10844133ebb4286056dfb73ba350cc7ff90187f86d32eca4d0d224dbbf93cab,CONFIRMED_NEYSAN,manual visual review,human,2026-09-27
A227,v2/unclean/vanet/207861786.jpg,9915e4549854c08ac2986b8f81e3d4db726e9a1fedd135598e86250e3ed31dde,CONFIRMED_NEYSAN,manual visual review,human,2026-09-27
A228,v2/unclean/vanet/207965767.jpg,67240d8eeb8b23768463618137daa1c50ec484d5b01795765addf22329c428f6,CONFIRMED_NEYSAN,manual visual review,human,2026-09-27
A229,v2/unclean/vanet/207974100.jpg,075f06473379df74eea66283ab98545368beb4913fd256ab097e6a83612c34ac,CONFIRMED_NEYSAN,manual visual review,human,2026-09-27
A230,v2/unclean/vanet/208031990.jpg,25a79c7b95033bdeefba921f2bb85fa0658fd8f8fa7dab2955b9423a3cfcfa7a,CONFIRMED_NEYSAN,manual visual review,human,2026-09-27
A231,v2/unclean/vanet/208044083.jpg,e06c042b64bb2ab2d57c361344e3ea7fe9e39837c3b33246c1b69c647d390c0d,CONFIRMED_NEYSAN,manual visual review,human,2026-09-27
A232,v2/unclean/vanet/208091182.jpg,41c109cda3f51dbb5d58d148212683913e4cdfc0bb758042e850c4c934ffd975,CONFIRMED_NEYSAN,manual visual review,human,2026-09-27
A233,v2/unclean/vanet/208270780.jpg,087c26132711931e5d1925febb18b9b4bafda7abdd972c09311d6d8f9aec85fb,CONFIRMED_NEYSAN,manual visual review,human,2026-09-27
A234,v2/unclean/vanet/208296936.jpg,81a07910a69aee6cd358f7f1bf01959bbf24f9d56e52b898514dc42e12f30103,CONFIRMED_NEYSAN,manual visual review,human,2026-09-27
A235,v2/unclean/vanet/208337677.jpg,aaea35106e079962d20682968344990d78ab4927c2e3bb3d4c4157c704d3d0c8,CONFIRMED_NEYSAN,manual visual review,human,2026-09-27
A236,v2/unclean/vanet/208529735.jpg,a3d8895aae6dc42e08f65f366f721b0b405f0684efae84644c0b0ebc9bb787b2,CONFIRMED_NEYSAN,manual visual review,human,2026-09-27
A237,v2/unclean/vanet/208657736.jpg,01d909f7a542ebe4615c12b0bfbc37c467ea7b250ae14932c247aa7dd44c8ef2,CONFIRMED_NEYSAN,manual visual review,human,2026-09-27
A238,v2/unclean/vanet/209052190.jpg,d9bf9645cd7fa17e968bc4a98b36eb7606e1fa172d0cf3027c7328391428a530,CONFIRMED_NEYSAN,manual visual review,human,2026-09-27
A239,v2/unclean/vanet/209440438.jpg,f013c234182c5b1e17edc9c549cd08f4b435d05df04b41a4299724a78a420533,CONFIRMED_NEYSAN,manual visual review,human,2026-09-27
A240,v2/unclean/vanet/209500130.jpg,834b1f9f528dae7fcf27e7a17dd416fecd78f2905c02a34cb284e69745470b33,CONFIRMED_NEYSAN,manual visual review,human,2026-09-27
A241,v2/unclean/vanet/209726658.jpg,75b4814ed270a53d1a693e73cfd0c9d86d5aec26d81df14723ae6ba758c67f9a,CONFIRMED_NEYSAN,manual visual review,human,2026-09-27
A242,v2/unclean/vanet/209749493.jpg,4c268cd485320b67937a13fd6903690bf2c0ce9d0cf04df1e6c5566568252f55,CONFIRMED_NEYSAN,manual visual review,human,2026-09-27
A243,v2/unclean/vanet/209813193.jpg,197260165be0988b3d3b3fbcfa1c18487d5765467caaeaecb2b4d2f577901c8c,NOT_NEYSAN,manual visual review,human,2026-09-27
A244,v2/unclean/vanet/211048353.jpg,72defd06aac55734d268e7c4774207eda7f9965ad74506cc5c9359f536f2e2e0,CONFIRMED_NEYSAN,manual visual review,human,2026-09-27
A245,v2/unclean/vanet/211529650.jpg,81649dbe58b15eb8d2c1638267b37d16203530d397a98821b69cca4217337f6c,CONFIRMED_NEYSAN,manual visual review,human,2026-09-27
A246,v2/unclean/vanet/211742372.jpg,6e8c2532a5802af9e9fcd98af6bf9a34b3ac5cf7b84714b0cc9e9bcb9131843e,CONFIRMED_NEYSAN,manual visual review,human,2026-09-27
A247,v2/unclean/vanet/212002204.jpg,d6c30acefc3ee5a43b1fadd9fc2d3e91fc5b2c276c1cac29dcccbbfe5183f4a5,CONFIRMED_NEYSAN,manual visual review,human,2026-09-27
A248,v2/unclean/vanet/212037438.jpg,242394515317fc6c351bc9589614e9ca4bdbe6ee65de8785e574d12f7ba37f70,CONFIRMED_NEYSAN,manual visual review,human,2026-09-27
A249,v2/unclean/vanet/212164480.jpg,763dde6c3983588da24bcd4c195b484932aa55f2dc1ac7388861eddf848cd2e5,CONFIRMED_NEYSAN,manual visual review,human,2026-09-27
A250,v2/unclean/vanet/212228652.jpg,3d902359a0c914dbda643e475e344637029fff4fceb0562c7e16e04fbe10e018,CONFIRMED_NEYSAN,manual visual review,human,2026-09-27
A251,v2/unclean/vanet/212794066.jpg,da078275ec24e814c595d6ee9503d5f093e395823f02b217af2bb7ea5d8bce16,CONFIRMED_NEYSAN,manual visual review,human,2026-09-27
A252,v2/unclean/vanet/213250902.jpg,3cca89dc6f32539a08023f6fcdc7783614e7f18261cbabb335a54c2ad05a79ee,CONFIRMED_NEYSAN,manual visual review,human,2026-09-27
A253,v2/unclean/vanet/213498106.jpg,9cb3c0de8e769219239e3b5331dc03ce4bbfb3ec21edb4bbf6b356a867fd3450,CONFIRMED_NEYSAN,manual visual review,human,2026-09-27
A254,v2/unclean/vanet/213802809.jpg,b0ef1f0677ec40e2f9d8419275990e3e104fd5fe55347049e411652b03ec9b74,CONFIRMED_NEYSAN,manual visual review,human,2026-09-27
A255,v2/unclean/vanet/213961662.jpg,861b143c3f9867582b5068fd03ddd802a4ae7727a8d0c5ebcfbee800fbe4c5e2,CONFIRMED_NEYSAN,manual visual review,human,2026-09-27
A256,v2/unclean/vanet/214354307.jpg,1ca0dbee47955580df027ff141e4a4e3db120967ee3633b5fc3f99b95e5cb6b8,NOT_NEYSAN,manual visual review,human,2026-09-27
A257,v2/unclean/vanet/214415720.jpg,e066d200d0270e6e277f08c29229311b0e2586687731112d8fd1cbab4e1992c7,CONFIRMED_NEYSAN,manual visual review,human,2026-09-27
A258,v2/unclean/vanet/214543167.jpg,96dce6bfd5f4109a1525ed3d97d765e8035a1b040b9aec16609651588db23464,CONFIRMED_NEYSAN,manual visual review,human,2026-09-27
A259,v2/unclean/vanet/214628303.jpg,5b73204abfd8ef0d2a141779f70318864f5a85c803650eb20ea9d51905ca69cb,CONFIRMED_NEYSAN,manual visual review,human,2026-09-27
A260,v2/unclean/vanet/214704493.jpg,c7bf48561d82e56c85a43210716e81feb56cf4bd29c484c9c5a6ff8bc4ec7e87,CONFIRMED_NEYSAN,manual visual review,human,2026-09-27
A261,v2/unclean/vanet/214710884.jpg,a3e1ffb9adccb4c166891ee08705526a66c0a808caf8ee97a50822f0e306079f,CONFIRMED_NEYSAN,manual visual review,human,2026-09-27
A262,v2/unclean/vanet/215297064.jpg,46f036b9fa3ad8b3574638022e60ce3288262c8c9f1dece2acba5fb7f8c5aef4,CONFIRMED_NEYSAN,manual visual review,human,2026-09-27
A263,v2/unclean/vanet/215726436.jpg,2ff5f4b9bb3b1a3db7da3f045d5542620ff59d162314f7a240568ee285ab56d8,CONFIRMED_NEYSAN,manual visual review,human,2026-09-27
A264,v2/unclean/vanet/215780374.jpg,21519b7c4ddcc0227c9cf4fd396f4615d5a50251a9bbe73d9b27c7b3a5ae1177,CONFIRMED_NEYSAN,manual visual review,human,2026-09-27
A265,v2/unclean/vanet/215880051.jpg,ccf5622a72d9289daff3700d2fc2b784e5464c58a28f35911980cee814b8ef05,CONFIRMED_NEYSAN,manual visual review,human,2026-09-27
A266,v2/unclean/vanet/215976038.jpg,efc5bdbbf2d8af2161fa457f15c5be3172a0c4788afc4544fed784a261b2f856,CONFIRMED_NEYSAN,manual visual review,human,2026-09-27
A267,v2/unclean/vanet/216119284.jpg,dc9bd0c1b2f30f51a539c39c758fc195f66f69c076cca585822b227c396d1383,CONFIRMED_NEYSAN,manual visual review,human,2026-09-27
A268,v2/unclean/vanet/216463352.jpg,94e36e7014059c248e08579ae464cd115c5e7599484f511dae5d1752e87a7119,NOT_NEYSAN,manual visual review,human,2026-09-27
A269,v2/unclean/vanet/216688804.jpg,8ca8a9265e16ed207dc00739d8ee832ca878166bcbf75648ac0d2b592ff24f7f,CONFIRMED_NEYSAN,manual visual review,human,2026-09-27
A270,v2/unclean/vanet/216755502.jpg,c5ccc059a36430e61037522eeffbd3069d5634898150af1146430bb4ac1d2309,CONFIRMED_NEYSAN,manual visual review,human,2026-09-27
A271,v2/unclean/vanet/216758585.jpg,889e797ee35b50dc5b8a1b15ef374985c0ec992a6e2b0c4ef953785905f8ce8b,NOT_NEYSAN,manual visual review,human,2026-09-27
A272,v2/unclean/vanet/216766888.jpg,5a9b0db8ada2038ed41f52b242dd34d2d7f06abc1e81d971f2e5d5723e1ce2df,CONFIRMED_NEYSAN,manual visual review,human,2026-09-27
A273,v2/unclean/vanet/216985846.jpg,f50484e5690e1996fefe6e70d66a8992419d1b305dc5a47bcad4965d3de991cf,NOT_NEYSAN,manual visual review,human,2026-09-27
A274,v2/unclean/vanet/217684475.jpg,b07918077d8f31703896c74b726419a53eb78c791b8b854415c3e6f5260fd7eb,CONFIRMED_NEYSAN,manual visual review,human,2026-09-27
A275,v2/unclean/vanet/217770313.jpg,68fbeaddc9385c9fc6ea39a4463e70735bca2ca6bb1713bdfaaff88cd4bc6db7,CONFIRMED_NEYSAN,manual visual review,human,2026-09-27
A276,v2/unclean/vanet/217961793.jpg,bc0c0dc73d32e2bb30c55b919223169066ea59717a8c1061498757731e604bde,CONFIRMED_NEYSAN,manual visual review,human,2026-09-27
A277,v2/unclean/vanet/218015373.jpg,d1fde6e8fb17997de62ecac93bb1af5f643cce5bacdf179868d518f8e4f1604d,CONFIRMED_NEYSAN,manual visual review,human,2026-09-27
A278,v2/unclean/vanet/218288833.jpg,0ca6ddd432796f95340c4c3c22a032c9066c9f31e37ce4ad7041b4bbe4dd71fe,NOT_NEYSAN,manual visual review,human,2026-09-27
A279,v2/unclean/vanet/218383178.jpg,263105ac0e6ffd9d7e04b5c0ca55085621613da2b8b412dd9da066fb4f9b3d92,CONFIRMED_NEYSAN,manual visual review,human,2026-09-27
A280,v2/unclean/vanet/218629561.jpg,5af81a1851fcbc2f932ef0e9cc329b78482d25c4416a5e5dc62933b1d6f73dd4,NOT_NEYSAN,manual visual review,human,2026-09-27
A281,v2/unclean/vanet/218692911.jpg,8a7e23d265a2b68c254952aaec243d081827131b756d7a40938e2d768d5c1416,CONFIRMED_NEYSAN,manual visual review,human,2026-09-27
A282,v2/unclean/vanet/218701154.jpg,4cf5d6fc1bcb9f95a1912fe4fcd296abdfdca98cab41b2ce4a153dabc8dfcdef,CONFIRMED_NEYSAN,manual visual review,human,2026-09-27
A283,v2/unclean/vanet/218733711.jpg,a4c1c8aa34caebaa898710cb18890c950624f432550b08f27273cd4d00ebe267,CONFIRMED_NEYSAN,manual visual review,human,2026-09-27
A284,v2/unclean/vanet/218769882.jpg,6bd991fad83ba6d42636f96833413db4b0502ea1c05be62520be9fee1f376529,CONFIRMED_NEYSAN,manual visual review,human,2026-09-27
A285,v2/unclean/vanet/218807829.jpg,08789671b7589c7b6800af94a1031ec8b80b6f61b8f9100b9fde61d78b92f2dc,CONFIRMED_NEYSAN,manual visual review,human,2026-09-27
A286,v2/unclean/vanet/218879049.jpg,50bb6d33db5ca36668d64fd113e6c2f2f5180ffd212c476f4242e08d3b97d212,CONFIRMED_NEYSAN,manual visual review,human,2026-09-27
A287,v2/unclean/vanet/218932038.jpg,6701f085a5eb467ff64e02d1900db5c1a1267e0dc5c1dfb92ce2ee784f4ad247,CONFIRMED_NEYSAN,manual visual review,human,2026-09-27
A288,v2/unclean/vanet/218984663.jpg,6568d0d4e251273652f2b704b68551f12e8b618622f3bc0405cbc4a80d9c87d2,CONFIRMED_NEYSAN,manual visual review,human,2026-09-27
B001,v1/train/vanet/196305661.jpg,813c75fbbbb869ce671fe778e6b340b61b85ffd278ab1f25a085436ff5435fca,NOT_NEYSAN,manual visual review,human,2026-09-27
B002,v1/train/vanet/207057519.jpg,c5e590221aa719c518ef41458c3484e3a22570281326a4f78bb41516ee99036e,CONFIRMED_NEYSAN,manual visual review,human,2026-09-27
B003,v1/train/vanet/207803201.jpg,fbfbed506198dd88e2a65887517c4cb66104f33064db3068e9ddae7b2a4bcfe8,CONFIRMED_NEYSAN,manual visual review,human,2026-09-27
B004,v1/train/vanet/216352099.jpg,cf789610bd7a4c85d7bd84c906042663f014977f84af66b07ade41539b68771b,CONFIRMED_NEYSAN,manual visual review,human,2026-09-27
B005,v1/train/vanet/218080868.jpg,580f7cd1dd02ed0d2f2bb4ea125c0c5b2ec3b9238f3b033adfa40a471e4bea6b,CONFIRMED_NEYSAN,manual visual review,human,2026-09-27
B006,v1/unclean/vanet/197551635.jpg,27b703b59d91808d07c25205c01f48110836bf3032e3e878fd4981c054f9fe4d,CONFIRMED_NEYSAN,manual visual review,human,2026-09-27
B007,v1/unclean/vanet/208570612.jpg,43797013da31a419b329fdb3009f14972c51689adc00a6d2208f060ee95f4a59,CONFIRMED_NEYSAN,manual visual review,human,2026-09-27
B008,v1/unclean/vanet/208586813.jpg,c31ee179e31305623f3ab7514f89879ef4f93f1b0585edde13eb0bc025af31cf,CONFIRMED_NEYSAN,manual visual review,human,2026-09-27
B009,v1/unclean/vanet/212662044.jpg,538b01ac64b3f51b96f63e912ebd76befc4940360f1c05c0e92e94b5a0f22084,NOT_NEYSAN,manual visual review,human,2026-09-27
B010,v1/unclean/vanet/217207555.jpg,f1860eb2c0738ed82b401db3173d9aa21c1e5f8bb2b049a985a12634603f7bda,NOT_NEYSAN,manual visual review,human,2026-09-27
B011,v2/train/vanet/198248524.jpg,471f0b476d567edd6ca944851538e9eb58b7a83451a41028ec0eff1b10d8e01d,CONFIRMED_NEYSAN,manual visual review,human,2026-09-27
B012,v2/train/vanet/199126941.jpg,2e75f9e323f62ba1f8db797a39713fd9b7d2fe18c2f4db4764f3418555af8e46,CONFIRMED_NEYSAN,manual visual review,human,2026-09-27
B013,v2/train/vanet/202784956.jpg,a9e7646efca0cd8fa2bca1580612192172d2ab3bffc8edfa89d3a66060bf2c16,CONFIRMED_NEYSAN,manual visual review,human,2026-09-27
B014,v2/train/vanet/202794779.jpg,657162996f450fe8278b7b9092c234e08c5c866ab4225a6379318b22e96d913f,NOT_NEYSAN,manual visual review,human,2026-09-27
B015,v2/train/vanet/203138968.jpg,d47ad1befd999760a203f3f0706faf2cc3bc3fb08f479a46617ce6b36dd1148b,CONFIRMED_NEYSAN,manual visual review,human,2026-09-27
B016,v2/train/vanet/206108673.jpg,029a92f054f2ca1d729b4d13c9f205b508d302fd442db642f8cefce531fc202d,CONFIRMED_NEYSAN,manual visual review,human,2026-09-27
B017,v2/train/vanet/207702391.jpg,9d6108c1ddf3f227f790e376d883ce4fa731c5eedc45d027d644816fd8e89d5f,CONFIRMED_NEYSAN,manual visual review,human,2026-09-27
B018,v2/train/vanet/207721906.jpg,6a3171028b53e5594ec2c76bd6c2b4fa2092cd4ef36e9ec3e3bf3ae11ea0bea4,CONFIRMED_NEYSAN,manual visual review,human,2026-09-27
B019,v2/train/vanet/209493858.jpg,f2dc959f7bf9655eafe0c2ecb7bd82e3d4d02847bebe51377074fb9f47b86aba,CONFIRMED_NEYSAN,manual visual review,human,2026-09-27
B020,v2/train/vanet/212130689.jpg,e5294fc589eb8742c48c0d9dda6b749751da9a4d4d82d605309f4e13e9ca5d24,CONFIRMED_NEYSAN,manual visual review,human,2026-09-27
B021,v2/train/vanet/214048101.jpg,70f627cad4f397412c2f934ddffbe8a173759eb51779b6dc6eedc9d5beb72f2b,NOT_NEYSAN,manual visual review,human,2026-09-27
B022,v2/train/vanet/216485447.jpg,df37d81de75d14a8df09653701ed264cf2c3847940c8d12a178d6a4fedaeab54,CONFIRMED_NEYSAN,manual visual review,human,2026-09-27
B023,v2/train/vanet/216797745.jpg,b16ba4aec77c4c67e15f850e7915a8b5225be35a477f36ecc3d04f0b3364eed7,CONFIRMED_NEYSAN,manual visual review,human,2026-09-27
B024,v2/train/vanet/217829551.jpg,4cb2e3a72ba397771377d2707d572cbea092a95c757995c868433a985ff19a2e,NOT_NEYSAN,manual visual review,human,2026-09-27
B025,v2/train/vanet/217881286.jpg,488115e7b3141ac0c19a0c821fb7f9457df20edc486c68b32a50c0171e0a34d7,NOT_NEYSAN,manual visual review,human,2026-09-27
B026,v2/train/vanet/218044166.jpg,10457787eb0018258a5ed1a55fe6a1b6aa8e8498b6ffd636f5818c9ea2a60ca7,CONFIRMED_NEYSAN,manual visual review,human,2026-09-27
B027,v2/train/vanet/218088144.jpg,ab2d24bc54fa71cc4733c4f4beb20a97e9eef96d4d77f49bce6fc2e7f4e02ad6,CONFIRMED_NEYSAN,manual visual review,human,2026-09-27
B028,v2/train/vanet/218844932.jpg,c969ca87b69b7fa234ca3d67fe654697f60c34b42d526b7a06ca1fda6bd56df5,NOT_NEYSAN,manual visual review,human,2026-09-27
B029,v2/train/vanet/218912535.jpg,a2a3bb4431f5dc1cdaa301af361ffe643361571da91e5c5a58bab081b4535833,NOT_NEYSAN,manual visual review,human,2026-09-27
B030,v2/unclean/vanet/195311741.jpg,abc8c6f40ecd9e55d742b7f24198f7de6442d893380bd7e051e5acf6e825885f,NOT_NEYSAN,manual visual review,human,2026-09-27
B031,v2/unclean/vanet/195720789.jpg,54166cddb8d3f04a51730552b7edda62c052fc2e3ef2fd0bab0786a5ddc6f070,CONFIRMED_NEYSAN,manual visual review,human,2026-09-27
B032,v2/unclean/vanet/197073034.jpg,39dff738be9a3e029dfff88be1cb9765ce22cd3d3917c00563aab5ee61a3d905,CONFIRMED_NEYSAN,manual visual review,human,2026-09-27
B033,v2/unclean/vanet/197150276.jpg,2d11d2c9fd643000875dafb65320979973a62f4e2931789da53f92263d129225,NOT_NEYSAN,manual visual review,human,2026-09-27
B034,v2/unclean/vanet/197729524.jpg,74b9f2289943df3850565ce124f477c300880622b8c26659eb7e05b1033db31c,CONFIRMED_NEYSAN,manual visual review,human,2026-09-27
B035,v2/unclean/vanet/197919941.jpg,67a435cb9c927ee876b9a5850240217e0543a07ecfa33145246f9559ac16e966,CONFIRMED_NEYSAN,manual visual review,human,2026-09-27
B036,v2/unclean/vanet/198165650.jpg,bedb5380530cd8ac7a8bc9166ea242a204ad0bb4fb50c7fef8bef554e014e59e,NOT_NEYSAN,manual visual review,human,2026-09-27
B037,v2/unclean/vanet/198460428.jpg,be3f229e519e02936b9e76a6f645673a40374dc3155f5377c578cdc786897149,CONFIRMED_NEYSAN,manual visual review,human,2026-09-27
B038,v2/unclean/vanet/201847206.jpg,6e0c926c0bc42a933202809b53140137a420dc6796bc3a0d56b1d1187c95cf80,CONFIRMED_NEYSAN,manual visual review,human,2026-09-27
B039,v2/unclean/vanet/208034728.jpg,ceaa3623fda109ed5d74c2deceaa7fc091ad696df18f5dff67f0a04bbb70417f,NOT_NEYSAN,manual visual review,human,2026-09-27
B040,v2/unclean/vanet/208473051.jpg,ae2dd3c239acee12fcc36138ed9edb245aba8f39f91fa91266fc34f93609b7fe,NOT_NEYSAN,manual visual review,human,2026-09-27
B041,v2/unclean/vanet/213899758.jpg,fb14555580d127c04fa39d3cb72d97d0770c34227b25d5ef54ccd10743312770,NOT_NEYSAN,manual visual review,human,2026-09-27
B042,v2/unclean/vanet/216896507.jpg,7fe7400479a9b562b64b28b108d278799c53ba1318030e000e4426f956d6a140,CONFIRMED_NEYSAN,manual visual review,human,2026-09-27
B043,v2/unclean/vanet/217426680.jpg,388f051f16945fab4ba0ebab9187d0d632bcc268b3d95d3696f7912fbb2a880b,CONFIRMED_NEYSAN,manual visual review,human,2026-09-27
B044,v2/unclean/vanet/217750010.jpg,4652aa4b9b917607199c975d25dda55acef0f8ee4cfe58ccbde8984184baaa75,NOT_NEYSAN,manual visual review,human,2026-09-27
B045,v2/unclean/vanet/218700051.jpg,09d94f30e5cfe6b1466c170df0c87783bfa9ec7d9081a095e4f5252e9859a2b2,NOT_NEYSAN,manual visual review,human,2026-09-27
C001,v1/train/vanet/194285934.jpg,4bb8a42ebc8e3d55269c54882daa92cfc29cffcffdfbbbbb342637073a20b191,NOT_NEYSAN,manual visual review,human,2026-09-27
C002,v1/train/vanet/196322593.jpg,972931420db62c0c93a6a4867a162e9143af899a3784bd12755a6c3460929fc3,NOT_NEYSAN,manual visual review,human,2026-09-27
C003,v1/train/vanet/197702697.jpg,e150e37e3ca3d07acb520212a78529d6451d20b1cd24abfdc1f27feb57d60307,CONFIRMED_NEYSAN,manual visual review,human,2026-09-27
C004,v1/train/vanet/197838737.jpg,5bb9299c4b68470d8aca40391a4880fc2e500c6fb64db16b2efd5b3e1cad66a6,NOT_NEYSAN,manual visual review,human,2026-09-27
C005,v1/train/vanet/198055205.jpg,8f3d1bf6996765dd638f923291e154ef7f847b727b7f5b66eaaa495b12ad8ee6,NOT_NEYSAN,manual visual review,human,2026-09-27
C006,v1/train/vanet/198521244.jpg,ed70f14acce803c8820313ed363eccd438c2c09007798fd3bc4858c08031c7d9,CONFIRMED_NEYSAN,manual visual review,human,2026-09-27
C007,v1/train/vanet/198628181.jpg,7315980a1abeaa6fd8946c9fd025fd8d3fd8de051e85204aa99e2b3900bb162b,NOT_NEYSAN,manual visual review,human,2026-09-27
C008,v1/train/vanet/200024004.jpg,653f4222059c9f51cfda8b9bd72be876660b213d22cd28fa430b61ad4dd6dd25,NOT_NEYSAN,manual visual review,human,2026-09-27
C009,v1/train/vanet/201998076.jpg,e3eb53dbebe8ea5db5e2d8f63c157842fed5c6e2e3b7cbff2955659f4ec89c61,CONFIRMED_NEYSAN,manual visual review,human,2026-09-27
C010,v1/train/vanet/208237798.jpg,54e6de71b2e1474704570068ec67a8c5d26986db103cede5f59dff6b005e10ac,CONFIRMED_NEYSAN,manual visual review,human,2026-09-27
C011,v1/train/vanet/209780947.jpg,858af96cbf5274de446f31565fb889f32927f94c6b8a9bfb57ca3aeb9d590bc4,NOT_NEYSAN,manual visual review,human,2026-09-27
C012,v1/train/vanet/212199241.jpg,d543ac1a485a5b690ce92a3c956779ce6000abe3b52736dca3598f3dd41f19cb,CONFIRMED_NEYSAN,manual visual review,human,2026-09-27
C013,v1/train/vanet/213788075.jpg,77210ffab38012828036acab0aabf35ab75640d38d6689b059f7f043cac52a27,NOT_NEYSAN,manual visual review,human,2026-09-27
C014,v1/train/vanet/216972735.jpg,9622230ae65373c82645be4aff12d36100686b6def9a9af60c67f38930fa4e18,NOT_NEYSAN,manual visual review,human,2026-09-27
C015,v1/train/vanet/218206335.jpg,7cbc604adee7ee1dd48f197b096c3055e36d90ce448450e22fd0183b4cbdc5e9,NOT_NEYSAN,manual visual review,human,2026-09-27
C016,v1/train/vanet/218514544.jpg,9b67e75f04428f6496ba21fd696a291bd93933c0b843a322fe9b636e751c89aa,NOT_NEYSAN,manual visual review,human,2026-09-27
C017,v1/train/vanet/218667942.jpg,d3c42541ff667b5c1ec95f7be114610b0043b8f315dcf0c1476e7890dfe5e988,CONFIRMED_NEYSAN,manual visual review,human,2026-09-27
C018,v1/unclean/vanet/197011245.jpg,9ee0c7f109f4c7d81bb52da6d127e62098c937fc91c8fc2c69f44408ab0f5f57,NOT_NEYSAN,manual visual review,human,2026-09-27
C019,v1/unclean/vanet/197678284.jpg,072d4cc4b91ac0bc753464dd41e9ef8a645cff02d5af7748d24ff90760c0f7d8,NOT_NEYSAN,manual visual review,human,2026-09-27
C020,v1/unclean/vanet/198363928.jpg,2a8be4634508f603e36f0f91662d7ff84f4617611e77846f9991e658fc22558f,NOT_NEYSAN,manual visual review,human,2026-09-27
C021,v1/unclean/vanet/199401055.jpg,d5870cc72a63f0513e96827c7bb246759a4533bc8d1e6b038a1b6ec5e868c5ca,CONFIRMED_NEYSAN,manual visual review,human,2026-09-27
C022,v1/unclean/vanet/201652374.jpg,ab8346c48ff4329623599ef3b41e4e5651a5859c2fe114ed1d632baac0a86909,NOT_NEYSAN,manual visual review,human,2026-09-27
C023,v1/unclean/vanet/205492654.jpg,548fab097e3f6f112f6d5bb701729880b1f5da948a15cc1199482dda7419e811,NOT_NEYSAN,manual visual review,human,2026-09-27
C024,v1/unclean/vanet/205896670.jpg,8b24b13efd5571e50490658f2b22c949eac27bc8a21e646595bf0d5aca64b80f,NOT_NEYSAN,manual visual review,human,2026-09-27
C025,v1/unclean/vanet/207074343.jpg,3ad89e08733ebd1ed11b7a08a48aded0a603def9fbd229a56d8ca8c9856ea0a9,NOT_NEYSAN,manual visual review,human,2026-09-27
C026,v1/unclean/vanet/207758538.jpg,1b8d22a09084a9bcd3b8d8f3d78194e957720a61e01c0ce116526dc6a67e4878,NOT_NEYSAN,manual visual review,human,2026-09-27
C027,v1/unclean/vanet/207849483.jpg,28b30eb6fbd80e6f07f1de50bc41ee6847cadc1d424c7c11ec33150904be692f,NOT_NEYSAN,manual visual review,human,2026-09-27
C028,v1/unclean/vanet/209233623.jpg,399995e709346b2c8219b3bef2f0d42e1c575fc0bda7b4560631a829269e5cca,CONFIRMED_NEYSAN,manual visual review,human,2026-09-27
C029,v1/unclean/vanet/209913836.jpg,96cb195848dc2e4a27b2e60a299e1df1a51a4ff8f62f9435822fbf09e5484046,NOT_NEYSAN,manual visual review,human,2026-09-27
C030,v1/unclean/vanet/214020375.jpg,481f42fe7639ba6b1a503ad8781409bc789e0ed8adc512b66e6c405bd770a2fe,NOT_NEYSAN,manual visual review,human,2026-09-27
C031,v1/unclean/vanet/214785158.jpg,1d4b61cd147878e159d306228df6cbac1477275300315ffd98fdda05b2065aee,NOT_NEYSAN,manual visual review,human,2026-09-27
C032,v1/unclean/vanet/215695188.jpg,6fe125d6a6bd4f83d7a2728bf4e28c789cb82c18a5c02bec54a8a75340aeb63a,NOT_NEYSAN,manual visual review,human,2026-09-27
C033,v1/unclean/vanet/215996114.jpg,3e31bcb9cae660f37f6948a9c45b8d27d0fa96b98ce7abb44556e78b037311ce,CONFIRMED_NEYSAN,manual visual review,human,2026-09-27
C034,v1/unclean/vanet/217624535.jpg,ad06114f4adcd43c6f381d3e47c8d0280cccfb1f6271634d846ee1686e5ecb94,CONFIRMED_NEYSAN,manual visual review,human,2026-09-27
C035,v1/unclean/vanet/217670439.jpg,32778c3c9bfe7e8293282877d73e292e5363d18b3a0ad126c370e73ebf319a36,CONFIRMED_NEYSAN,manual visual review,human,2026-09-27
C036,v1/unclean/vanet/219083209.jpg,7b18150ce3fbf9cf2d729e67dcbd8fac44e9281e31a69df768c2c0c85de4292c,NOT_NEYSAN,manual visual review,human,2026-09-27
C037,v2/train/vanet/195136808.jpg,cd103b91da67ba075aac023c34b2f7baaf22e403daced72b84fb22fa80eb2840,CONFIRMED_NEYSAN,manual visual review,human,2026-09-27
C038,v2/train/vanet/195274804.jpg,ac2bc8a8f0baed418a2207cf29f61b2fba800b403147c1b7b013696eb64168cf,NOT_NEYSAN,manual visual review,human,2026-09-27
C039,v2/train/vanet/195691366.jpg,afe2b865175cdb8230c288a578bd08c281ed0eff6bac8b1216ff2dee8a9715fc,NOT_NEYSAN,manual visual review,human,2026-09-27
C040,v2/train/vanet/195729274.jpg,cc9a39c7ccc72f0ad6c16fe32f85c4f7963d10d8cae495b53da4a64d8b543e8b,CONFIRMED_NEYSAN,manual visual review,human,2026-09-27
C041,v2/train/vanet/196163447.jpg,00ac5115d29fe991cb6665613e30f8d98e822857a086e88da756ce04ab16c9a5,NOT_NEYSAN,manual visual review,human,2026-09-27
C042,v2/train/vanet/196577840.jpg,be8213affa5fecba692b21d2a821a70ac4d00473e1afcef3b6be5d00b2430ce6,NOT_NEYSAN,manual visual review,human,2026-09-27
C043,v2/train/vanet/196951112.jpg,0c5353b3720100c9d7b384cd409762ecd0adab6094a8a75940dbcda1c64dd343,NOT_NEYSAN,manual visual review,human,2026-09-27
C044,v2/train/vanet/197508757.jpg,5c712369f47c5ec194b7d59c0287874f5c47882952944f348e303d8191b857cf,NOT_NEYSAN,manual visual review,human,2026-09-27
C045,v2/train/vanet/197599935.jpg,278f206f8a202a56ec8a9f1c1eb087afc665ab7a693009a49ef8a416b0df0304,CONFIRMED_NEYSAN,manual visual review,human,2026-09-27
C046,v2/train/vanet/198019923.jpg,0eb57b8658c480b0322d57bb324d233fd52d540e01b0697f650b3cbeb8b9b36e,NOT_NEYSAN,manual visual review,human,2026-09-27
C047,v2/train/vanet/198100361.jpg,80e1b0c5cc46c18063bb9fbf83d027ace79e7e97ac23ebf811b4e82d3e4db4f7,NOT_NEYSAN,manual visual review,human,2026-09-27
C048,v2/train/vanet/198361421.jpg,22b4c6561a7750e7e808941e89880325c9937ff3377fa060e7324cecfb3e119d,CONFIRMED_NEYSAN,manual visual review,human,2026-09-27
C049,v2/train/vanet/198401066.jpg,edf53303385e7b9bc5a3116b9528fbdbbf14d18c65eb961a1cc4c8e92d6561ed,NOT_NEYSAN,manual visual review,human,2026-09-27
C050,v2/train/vanet/198693433.jpg,95586402a9c2fc3139865a6024c3e0b44a4ae822fa6a603a3f5dd62f0cd34cdc,NOT_NEYSAN,manual visual review,human,2026-09-27
C051,v2/train/vanet/199158191.jpg,d64017e83853c43024d1cbfffbb87f539618e0987b63cb8cbb9abf7fd83936da,NOT_NEYSAN,manual visual review,human,2026-09-27
C052,v2/train/vanet/199169585.jpg,4c50c9bac01180aee7eec7ec4e4ea144d177f9280989e00389b58002bbd7ef2a,CONFIRMED_NEYSAN,manual visual review,human,2026-09-27
C053,v2/train/vanet/199392072.jpg,d3cf73329d4e6d4f9ae76d878db7dec982f192beaa718c6c2cce47a8dd7184fa,NOT_NEYSAN,manual visual review,human,2026-09-27
C054,v2/train/vanet/199942704.jpg,c4832af2d578de12ccf89af013893a9caabd7b31ba7ae0610686f9d59d5e2dae,NOT_NEYSAN,manual visual review,human,2026-09-27
C055,v2/train/vanet/200609458.jpg,6d73b8448ba0658a435136192cbfddbc251e7ba5772cc9d29478da376aaa3219,NOT_NEYSAN,manual visual review,human,2026-09-27
C056,v2/train/vanet/201758472.jpg,2e97f849b1f83fad8e94d04ec3e5f0f99dc064becec3685000b68a763752b7dd,NOT_NEYSAN,manual visual review,human,2026-09-27
C057,v2/train/vanet/202121208.jpg,bc48a624df816ec6c970f1a24672144e274ac5a92402885f4c36f4aab25c0bec,NOT_NEYSAN,manual visual review,human,2026-09-27
C058,v2/train/vanet/203269085.jpg,e64b24e1cb008ebd82c09106a92a1f08fa606a9f1d9c72dad944ad058e8102c2,NOT_NEYSAN,manual visual review,human,2026-09-27
C059,v2/train/vanet/203413968.jpg,b9359f5c0f9efe031b01a926f8f65c624bfa0e0a41fe9c1d86132027f3f74615,NOT_NEYSAN,manual visual review,human,2026-09-27
C060,v2/train/vanet/203739270.jpg,726ac2188f10023719a8f72be2f809eb382ddc78823ce3e02f6af0b83ad5ff41,NOT_NEYSAN,manual visual review,human,2026-09-27
C061,v2/train/vanet/206177192.jpg,75242321fd29201decc7f06bfcac7e52776ed1f47ed0d959642e1c368d487207,NOT_NEYSAN,manual visual review,human,2026-09-27
C062,v2/train/vanet/206926152.jpg,157dd4f3e84e33bea2ea439ce2f29786c048517fb9461c7093654b09bb3b7bab,NOT_NEYSAN,manual visual review,human,2026-09-27
C063,v2/train/vanet/207016564.jpg,83f634ebb1f2b81145ef460ce9e76ac6d92a2e636239d1c8f20cb2e6787f5c39,CONFIRMED_NEYSAN,manual visual review,human,2026-09-27
C064,v2/train/vanet/207156622.jpg,fda8a81caa8579e61fede99f58ef4f62f4d9401aadddf6bec3b0a57752af06ed,NOT_NEYSAN,manual visual review,human,2026-09-27
C065,v2/train/vanet/207410682.jpg,9d4821d1254679f33c7535652fde9f8e3757769a4b553a48a55fd604be86710f,NOT_NEYSAN,manual visual review,human,2026-09-27
C066,v2/train/vanet/207749551.jpg,8a78f3a4a033f55487bdd99a5c6e573b17bb46723d970f17de2c7159b9e35a69,NOT_NEYSAN,manual visual review,human,2026-09-27
C067,v2/train/vanet/208129801.jpg,1d253dd9f7d201cc5980a4879063b2a6453bc9fd43537c1205fccabe0c83c865,NOT_NEYSAN,manual visual review,human,2026-09-27
C068,v2/train/vanet/208635729.jpg,24643edc7705d6f7c1792736338bb984b7a2b193c4154be5a2f2ebe90971a209,CONFIRMED_NEYSAN,manual visual review,human,2026-09-27
C069,v2/train/vanet/209501291.jpg,9d23d43f0e24e9ac2dc5c00289d1b4847871eda56a4d6c8e41a8b8d1e50b65f6,NOT_NEYSAN,manual visual review,human,2026-09-27
C070,v2/train/vanet/210379308.jpg,d5f3996aef1a85a72c50fde14d5fae90733092af57208fc602e6904e498373df,NOT_NEYSAN,manual visual review,human,2026-09-27
C071,v2/train/vanet/210908141.jpg,494a7d414cdd89021fb67e6873824ce26ceaff31582f3e4a1ef00207cc2e8551,NOT_NEYSAN,manual visual review,human,2026-09-27
C072,v2/train/vanet/211868443.jpg,93c0d917f7d1615e93c249a505b661606ebf641739dc017c1bc287ee7125786a,NOT_NEYSAN,manual visual review,human,2026-09-27
C073,v2/train/vanet/212465016.jpg,39462ab6ee1585685f89fff04e55e5911cfa3e595c1896a4f23db20767ff961f,NOT_NEYSAN,manual visual review,human,2026-09-27
C074,v2/train/vanet/212665899.jpg,b17de3396f19fa52ffecb9e609737ac59bd435866f2966da9200904b0e845c6b,CONFIRMED_NEYSAN,manual visual review,human,2026-09-27
C075,v2/train/vanet/212755321.jpg,4882b59df43eae18d67026548271147ca1046cbfc8851e3e93a4c9fd71d73a41,NOT_NEYSAN,manual visual review,human,2026-09-27
C076,v2/train/vanet/213510187.jpg,e7d413484792cec8cdcbd87493144022af6c837a4f71fd1b0dd2571e4f79e305,NOT_NEYSAN,manual visual review,human,2026-09-27
C077,v2/train/vanet/213797207.jpg,030f0d8f249a634f5a18e44f1e661b32d950304dfb3fc07abe5337601050e304,NOT_NEYSAN,manual visual review,human,2026-09-27
C078,v2/train/vanet/214176969.jpg,9d60a90ea8a115fc47c9b1162f25c3e2d7007b03927edac613fa8a694eaf414c,NOT_NEYSAN,manual visual review,human,2026-09-27
C079,v2/train/vanet/214758714.jpg,65baa0550b5f54b02d8b4a64f966a522c09db66e7cda33d08c7bf68957724471,NOT_NEYSAN,manual visual review,human,2026-09-27
C080,v2/train/vanet/215621022.jpg,7c4bff3fd0905d417f36585953bf274908bde0de8e806a3384dfa228e3d41e3a,NOT_NEYSAN,manual visual review,human,2026-09-27
C081,v2/train/vanet/215649880.jpg,ef772899d06c8985336ffdbdbaaebd6326e232288c8ecb3d22f07dc378a35367,CONFIRMED_NEYSAN,manual visual review,human,2026-09-27
C082,v2/train/vanet/215891603.jpg,afcc8d89a7205ee861789188a58dc1fdedee78b4681bd0293a9b989d691a0419,NOT_NEYSAN,manual visual review,human,2026-09-27
C083,v2/train/vanet/215977687.jpg,1d20516df4ad652e0ef600efdb003e4d298004c344915960ba225b4aa7e4c678,CONFIRMED_NEYSAN,manual visual review,human,2026-09-27
C084,v2/train/vanet/216566708.jpg,66ba915cc40dd283bc8a60e68bba3576b6db7175d58dfea915433c826bd78c00,NOT_NEYSAN,manual visual review,human,2026-09-27
C085,v2/train/vanet/216608800.jpg,25018a0f0953456519ec9bb72bdda44a320f95c376926ecf078ac3e527b9b2f2,CONFIRMED_NEYSAN,manual visual review,human,2026-09-27
C086,v2/train/vanet/216618067.jpg,5a60abf73510192e72db99f22f79eb8bbf7366558da5f28f16f33d5de45e2290,NOT_NEYSAN,manual visual review,human,2026-09-27
C087,v2/train/vanet/216713191.jpg,aee974e40ad1de7c95d1cb709cb3946e7bd8d635d5b13b1c202ecb402a7e3081,NOT_NEYSAN,manual visual review,human,2026-09-27
C088,v2/train/vanet/216830335.jpg,0557f83241cacaad39de2126ca1851e75d36f47a1cb39508c3efbc19bf10b74e,NOT_NEYSAN,manual visual review,human,2026-09-27
C089,v2/train/vanet/217018686.jpg,73c12ee8515336eee3b240c5c716e8e2082c06a6bca6c56cceb95ee95ec60c03,CONFIRMED_NEYSAN,manual visual review,human,2026-09-27
C090,v2/train/vanet/217021452.jpg,568b9e5f6c2380d84b1c351797035933169b7cd166599a3d81ff1e17a9687b82,NOT_NEYSAN,manual visual review,human,2026-09-27
C091,v2/train/vanet/217178596.jpg,242686b12f2bb0f0d4f2fd20af4f6ff14be152c88d0ac2ac018bfd4d59beae7b,NOT_NEYSAN,manual visual review,human,2026-09-27
C092,v2/train/vanet/217216852.jpg,14d8e28484e9938a1236b3b70aaa0032d4c93e657e109414b4c58eeb1efdd3ea,CONFIRMED_NEYSAN,manual visual review,human,2026-09-27
C093,v2/train/vanet/217279618.jpg,ff8658aa0fbfb0791565c098170df7bca56731f5cb127ccdafa53b95179ccaa6,CONFIRMED_NEYSAN,manual visual review,human,2026-09-27
C094,v2/train/vanet/217834045.jpg,bbf156c67b7af5a608743703100a06fe447e40fb1f78c01d2b0f95b9b05b20f6,NOT_NEYSAN,manual visual review,human,2026-09-27
C095,v2/train/vanet/217881742.jpg,dfa6389bceaf113d043732f7784d9c6c8a484f02737e38628ba6610df358d4cc,NOT_NEYSAN,manual visual review,human,2026-09-27
C096,v2/train/vanet/218130945.jpg,1ba6c8329051ad7d92068057c720228a2b82a0b82e0e67dd49f6f0ff9b025861,NOT_NEYSAN,manual visual review,human,2026-09-27
C097,v2/train/vanet/218299620.jpg,214f4736c2a4bdb3a1befe79709af376b4187a22c38149d1f50ee7e46f6f9df7,NOT_NEYSAN,manual visual review,human,2026-09-27
C098,v2/train/vanet/218511513.jpg,7f36e205a17c8db182e199689bd886073ad9c291313c4d34a407c616623ef7c8,CONFIRMED_NEYSAN,manual visual review,human,2026-09-27
C099,v2/train/vanet/218516808.jpg,0718a039a7e24621f540ffa2653a894581bbb81390068f5d26583be532124755,CONFIRMED_NEYSAN,manual visual review,human,2026-09-27
C100,v2/train/vanet/218602877.jpg,d482f650c292f4619f0003213554451909d224987ff2896424a8d05ce907b1d5,NOT_NEYSAN,manual visual review,human,2026-09-27
C101,v2/train/vanet/218844658.jpg,72715e28f8baa44b86b379146299a74e5a9e4668db1340cea76257c7bf2ccc09,CONFIRMED_NEYSAN,manual visual review,human,2026-09-27
C102,v2/unclean/vanet/193796538.jpg,c6a5feed90cd2e738b7f28120202c7bae8a4bcf54dba7319701c4f917320f679,NOT_NEYSAN,manual visual review,human,2026-09-27
C103,v2/unclean/vanet/194260851.jpg,38f52cbf6824cbc718a870e029ac726d940b34d91cabeef510ab4cf8e10b07cf,NOT_NEYSAN,manual visual review,human,2026-09-27
C104,v2/unclean/vanet/196756713.jpg,f3cd3cb4c0015b3806ef86906112b4aa424a4861896bdd03cd8928ce95859275,NOT_NEYSAN,manual visual review,human,2026-09-27
C105,v2/unclean/vanet/196908180.jpg,0f01a6fd6c06f5bfd4858eabdc4586308644346661c0cb77dfda80f153689e8e,NOT_NEYSAN,manual visual review,human,2026-09-27
C106,v2/unclean/vanet/197137291.jpg,5fe480d671b65d4c703f8e6c51230466ff9be9bdf5f86a4893550561f6a7afa2,NOT_NEYSAN,manual visual review,human,2026-09-27
C107,v2/unclean/vanet/197277257.jpg,67235fa5fb57bbf01dcdd0bcfc4210a371af2a3a0ab81aa65246df97f83591e5,NOT_NEYSAN,manual visual review,human,2026-09-27
C108,v2/unclean/vanet/197394524.jpg,faff7147d387a3202de21f8370f0e47700bf0e5df53f4a942aa6413efd85e3a5,NOT_NEYSAN,manual visual review,human,2026-09-27
C109,v2/unclean/vanet/197826422.jpg,958d30cbd47a49b14e03ce05099d427623e58a023c892ec0b4c536a3c01b8aac,NOT_NEYSAN,manual visual review,human,2026-09-27
C110,v2/unclean/vanet/198403132.jpg,5b245f2571b02b6c0583b87b108b91a4a597cc755aa81b4020c608b5e392c8e9,NOT_NEYSAN,manual visual review,human,2026-09-27
C111,v2/unclean/vanet/198555767.jpg,81cd1b85c5a4fc24cc2beb12068fe732aae3ae4122ab68fdab0d6b31fa3a4d70,NOT_NEYSAN,manual visual review,human,2026-09-27
C112,v2/unclean/vanet/198723141.jpg,63eb727f15fa36c6847fd3aaadaf37bbebd052fba75581ce721ecec4e5197cdb,NOT_NEYSAN,manual visual review,human,2026-09-27
C113,v2/unclean/vanet/198973233.jpg,7f30bea5c3552c09db849e7e622054d1d1f18d8128441e19b2a9982a6fcda18d,NOT_NEYSAN,manual visual review,human,2026-09-27
C114,v2/unclean/vanet/198988033.jpg,79fb10823584cce3e30974c7a67fa8f8b45960eed3de9c88a7f7676585b192d8,NOT_NEYSAN,manual visual review,human,2026-09-27
C115,v2/unclean/vanet/199412925.jpg,0c8a3a09492c91945b219e6508160579ea39135d3b9ac8410f27099c6b4bccc1,NOT_NEYSAN,manual visual review,human,2026-09-27
C116,v2/unclean/vanet/200495754.jpg,4264867bdda397e91cae50cc2e80486903fc258800de9c19c88bc1f26a7b5c58,NOT_NEYSAN,manual visual review,human,2026-09-27
C117,v2/unclean/vanet/200630697.jpg,a00f47e4226047ce92962e3a8aeb2425aac929abe2c3d5c6098bc9a6fe915269,NOT_NEYSAN,manual visual review,human,2026-09-27
C118,v2/unclean/vanet/201971644.jpg,98ede456d52943857744c9a7d9bcb4b22b4fa457d6c7f4cb2aa71067dd6e12b3,NOT_NEYSAN,manual visual review,human,2026-09-27
C119,v2/unclean/vanet/202758553.jpg,5fe03619bc4f14a8c0aae417a0ebe7c19c520c6dd1994cb22322d1f2137d6c25,NOT_NEYSAN,manual visual review,human,2026-09-27
C120,v2/unclean/vanet/203511630.jpg,2fd70bbbc8ccf9298851edb1a1328e5abf01dddcb8458ce129506ed6dbbc4503,NOT_NEYSAN,manual visual review,human,2026-09-27
C121,v2/unclean/vanet/204195442.jpg,5dc596c6f113d0ce4fc9622b9f7e41d79be1e97a203d38553da9c3ac2b43a84c,NOT_NEYSAN,manual visual review,human,2026-09-27
C122,v2/unclean/vanet/204488081.jpg,378ebd0fe546bd152667c8ccff53eb9944041fa77be33f548a1c6a9d8ee4a98f,NOT_NEYSAN,manual visual review,human,2026-09-27
C123,v2/unclean/vanet/204556090.jpg,22727325d3408b69483b08fae146cfa0e56d28efd38bda2b61b6d19d44644ce6,NOT_NEYSAN,manual visual review,human,2026-09-27
C124,v2/unclean/vanet/204908253.jpg,692f0ee6b4c7842671ffa4ad189e2f602e382ca07d6697480fbdadb8206ab26f,NOT_NEYSAN,manual visual review,human,2026-09-27
C125,v2/unclean/vanet/205760741.jpg,eccb64a9afdca61618380e5151f81d5ff14f3e97e6b2b1198ddc7e63e3cd6be6,NOT_NEYSAN,manual visual review,human,2026-09-27
C126,v2/unclean/vanet/205863988.jpg,ada696027db1f36c94d39c5eded366d2ed323cb5fe155fb10c19199c6fe2e71a,NOT_NEYSAN,manual visual review,human,2026-09-27
C127,v2/unclean/vanet/206287271.jpg,5e7af5c4a3ddf5b06bf42dd322de4647106faed6fe600a6ca0e91e3dd6ed5161,NOT_NEYSAN,manual visual review,human,2026-09-27
C128,v2/unclean/vanet/206341310.jpg,a26204b54e1899961b5f2e71fd98b36a58bb8ec9b7195c886d6d02fb55b1dcba,NOT_NEYSAN,manual visual review,human,2026-09-27
C129,v2/unclean/vanet/206651635.jpg,384ce27edf0040aa93883bf9cecb3545d050a72e17ec1daf90f51ba23dc9968d,CONFIRMED_NEYSAN,manual visual review,human,2026-09-27
C130,v2/unclean/vanet/207517475.jpg,942cbd4903787f17dfcbb6d0068cfbfd580eb801e2751bd262cbaee9370eddf7,NOT_NEYSAN,manual visual review,human,2026-09-27
C131,v2/unclean/vanet/207848730.jpg,ede854b4b48dbad0a7d218f569e7e9e76126258bda86eca04475e8d892a225aa,NOT_NEYSAN,manual visual review,human,2026-09-27
C132,v2/unclean/vanet/208115002.jpg,6b233a5afaaee037784fe6244111fe98aaf9d38d343b811f2f6d543994be8148,NOT_NEYSAN,manual visual review,human,2026-09-27
C133,v2/unclean/vanet/208472560.jpg,f89aa3effb1859a395702c277b4b4cb09d2c0bf9e96b33213e0d5d7a1be3a1ee,NOT_NEYSAN,manual visual review,human,2026-09-27
C134,v2/unclean/vanet/208675127.jpg,a1bec29f6b9100e04feef9e08a52f951e86d433fe99dafa9b21c64e1780185fe,NOT_NEYSAN,manual visual review,human,2026-09-27
C135,v2/unclean/vanet/208789361.jpg,031b1c240e5ab4fef080af31bee4e60358293327b65dac92ca9255f0122d7992,NOT_NEYSAN,manual visual review,human,2026-09-27
C136,v2/unclean/vanet/208840760.jpg,6d8a2f5ed498b730061e5ae7510cbfe60a50bf22060534475bdbbe214028c8a4,NOT_NEYSAN,manual visual review,human,2026-09-27
C137,v2/unclean/vanet/209060648.jpg,2f0f7a22b1299b145ec533a6847be296833e426e5570718b39dd4b0463097b3f,NOT_NEYSAN,manual visual review,human,2026-09-27
C138,v2/unclean/vanet/209282422.jpg,710ffb4c354d1fc5bc92a7003b6a9daf1fe7cee277c54cb295d14095cb8c927b,NOT_NEYSAN,manual visual review,human,2026-09-27
C139,v2/unclean/vanet/209939482.jpg,5bf2f948ff891f8f75442315d85ae9dd1026abd8726a60309ff3cfba8a03a700,NOT_NEYSAN,manual visual review,human,2026-09-27
C140,v2/unclean/vanet/210819242.jpg,781030a0affa298c6e01fbb5a8a3b72b03c12f381a0ab29d1f0758d5e521a7b0,CONFIRMED_NEYSAN,manual visual review,human,2026-09-27
C141,v2/unclean/vanet/212397930.jpg,552e38d4d08732416a447359729e02f6b2816adb5d6203e8761e2a2a847a2824,CONFIRMED_NEYSAN,manual visual review,human,2026-09-27
C142,v2/unclean/vanet/212462069.jpg,cad64ae32909a8b2d7c6e14ff11ebfa1a448740c97e5517f4f780445c57e4930,CONFIRMED_NEYSAN,manual visual review,human,2026-09-27
C143,v2/unclean/vanet/212764267.jpg,fdf8f965ab63e64dba1b0579dcb988ba281e7af5d8e7bae62999aeeeb191f511,NOT_NEYSAN,manual visual review,human,2026-09-27
C144,v2/unclean/vanet/213022159.jpg,1c45806cb9cdd146290b64457fcda3f37c2e7b4be9d7a1e0fbfb65de76ba993a,NOT_NEYSAN,manual visual review,human,2026-09-27
C145,v2/unclean/vanet/213323692.jpg,12fb899a43f1d71b550e90b403326290fc1d62c91b0b78cc928db1c9e25b840f,NOT_NEYSAN,manual visual review,human,2026-09-27
C146,v2/unclean/vanet/213358509.jpg,c1d101332c4b6b33c8fe42871bf8f6039e785b39b2254d0d6c177c320f61b895,NOT_NEYSAN,manual visual review,human,2026-09-27
C147,v2/unclean/vanet/214844872.jpg,222431783bc52399020e9c8e43b27a8d2b48490619fe119ddce6354f368183c9,NOT_NEYSAN,manual visual review,human,2026-09-27
C148,v2/unclean/vanet/216384546.jpg,7cf5680c26629319e21b68a429c79e2963f7c65bd234dacc64c00e1b7a469aee,NOT_NEYSAN,manual visual review,human,2026-09-27
C149,v2/unclean/vanet/216572155.jpg,c8e0862ce9545419f16ada0eeab36950aee1b60a5205fadfc450db8e45e0dc82,NOT_NEYSAN,manual visual review,human,2026-09-27
C150,v2/unclean/vanet/217212790.jpg,99c83f3763efe1d59e266f6f81f32e7f17d39bb1a11623154ac23a06b6e60187,CONFIRMED_NEYSAN,manual visual review,human,2026-09-27
C151,v2/unclean/vanet/217322801.jpg,a23827a8cf465c94c5e086d580f1ba1b634b739fc83fc74f161dc73dc9daaf42,NOT_NEYSAN,manual visual review,human,2026-09-27
C152,v2/unclean/vanet/217401649.jpg,efb9ce6afb1aac9ed34b092e4e3f9db9a81a15fb821f895b122621658a39b604,NOT_NEYSAN,manual visual review,human,2026-09-27
C153,v2/unclean/vanet/217412296.jpg,ac12bac26856715b550f8846fac64cca9fd61d1841dbbe0a8db2f57ee8ccf446,CONFIRMED_NEYSAN,manual visual review,human,2026-09-27
C154,v2/unclean/vanet/217493909.jpg,34acce4724d9d8d58366bf4cc1cdc7a105719e5daf2a47627c7c7a9569c86581,NOT_NEYSAN,manual visual review,human,2026-09-27
C155,v2/unclean/vanet/217953654.jpg,4de8b204f7ff37c187967f22631d087b1573165de45a4825c5dcbc2bef6d7c84,NOT_NEYSAN,manual visual review,human,2026-09-27
C156,v2/unclean/vanet/218022599.jpg,50dc9e1dc70a89f6d8e3bc69e23f4afc8e0b164eac23f2a14122af2caefdc7df,NOT_NEYSAN,manual visual review,human,2026-09-27
C157,v2/unclean/vanet/218083641.jpg,1d190173f369cc2fc65a0212aa4de0d322e9e787c16109c73b239754b22c2dbc,NOT_NEYSAN,manual visual review,human,2026-09-27
C158,v2/unclean/vanet/218153586.jpg,92614d58251801f2075cddbc6edaa1c7430a74982f3e2048d038aedb77106e65,NOT_NEYSAN,manual visual review,human,2026-09-27
C159,v2/unclean/vanet/218216229.jpg,8d86e4295f9989b718c2a054f64233037b6336f47cc747f97a7ba253ff9ad784,CONFIRMED_NEYSAN,manual visual review,human,2026-09-27
C160,v2/unclean/vanet/218258133.jpg,1f3d4340e1e7c48a0fd76fd322a0bee2a8433ea30a95666d45296c340a1870fd,NOT_NEYSAN,manual visual review,human,2026-09-27
C161,v2/unclean/vanet/218530330.jpg,fc37fbf30950712482abe7f0ce4867c2e9856e8d8cec1a2ff98080ec7e9af422,CONFIRMED_NEYSAN,manual visual review,human,2026-09-27
C162,v2/unclean/vanet/218635722.jpg,d35ff8cfe89105645f31e54bfe3d2670a150c83521604d1ce0eb19b39bc8d35a,NOT_NEYSAN,manual visual review,human,2026-09-27
C163,v2/unclean/vanet/218790292.jpg,a09491e858dba59c43c14bc57fbf43a78ec1ba8db4c83b42134c589c04b85427,NOT_NEYSAN,manual visual review,human,2026-09-27
C164,v2/unclean/vanet/218794461.jpg,4908c033e3cb8286efc198afa44a4baceae35f661f232479f95ceb8567e5ac5c,NOT_NEYSAN,manual visual review,human,2026-09-27
C165,v2/unclean/vanet/218807198.jpg,1db7ddb18a995476b664fd0b604723a32944ec5f9e286e883425a4b04af7c526,NOT_NEYSAN,manual visual review,human,2026-09-27
C166,v2/unclean/vanet/218984817.jpg,09f7c4cf863710ed8f1afe763269e85a9cc889bda407ff7e91046db4e0ea698f,NOT_NEYSAN,manual visual review,human,2026-09-27
C167,v2/unclean/vanet/219088134.jpg,d7e96e60e70a4c922d16238a44748a89b1f4ab0c91a0b24a43df876fe613d9da,NOT_NEYSAN,manual visual review,human,2026-09-27
